OBJECTID,Join_Count,TARGET_FID,OBJECTID,GRID_ID,Shape_Leng,Shape_Leng,GRID_ID,Shape_Length,Shape_Area,Plot,Plot,burrows_obs,n_subplots,extrap,Field5,Label,Field1,Plot,Subplot,Date,Surveyors,Active,Inactive,Maybe,Total,Notes,GISID,Field12,Shape_Length,Shape_Area,latitude,longitude
1,2,1,1,BO-144,40,200,N-30,200,2500,N28,N28,21,2,262.5,,M28 15,697,M28,15,2022-08-20,EG/LS/HA,3,0,1,4,,M28 15,,40,100,-68.24591013,44.14558494
2,4,5,5,BZ-176,40,200,O-36,200,2500,O34,O34,4,2,50,,P34 21,547,P34,21,2022-08-12,EG/LS,0,1,1,2,,P34 21,,37.1377623,88.56563736,-68.24457755,44.14269861
3,2,18,18,BA-113,40,200,K-24,200,2500,K22,K22,1,2,12.5,,K22 6,26,K22,6,2022-06-12,"LS, EG",0,0,1,1,,K22 6,,40,100,-68.24762501,44.14838726
4,2,26,26,BR-37,40,200,N07,200,2500,N07,N07,0,2,0,,N07 3,407,N07,3,2022-07-21,EG/LS,0,0,0,0,,N07 3,,40,100,-68.24541233,44.15521513
5,1,49,49,AY-98,40,200,J-21,200,2500,J19,J19,2,2,25,,J19 9,265,J19,9,2022-07-08,EG/LS,0,0,0,0,,J19 9,,40,100,-68.24785792,44.14973928
6,2,70,70,BY-178,40,200,O-37,200,2500,O35,O35,2,2,25,,O35 10,533,O35,10,2022-08-11,EG/LS,2,0,0,2,,O35 10,,33.96991542,61.51733449,-68.24472035,44.14252257
7,4,82,82,AF-112,40,200,F-23,200,2500,F21,F21,0,2,0,,F22 5,316,F22,5,2022-07-10,EG/LS,0,0,0,0,,F22 5,,40,100,-68.2502495,44.14849455
8,1,106,106,BI-183,40,200,L-38,200,2500,L36,L36,0,2,0,,L36 9,554,L36,9,2022-08-13,EG/LS,0,0,0,0,,L36 9,,40,100,-68.24670492,44.14207892
9,2,117,117,BI-51,40,200,L-12,200,2500,L10,L09,0,2,0,,L09 24,156,L09,24,2022-06-25,EG/LS/JM,0,0,0,0,,L09 24,,22.35456383,15.54340722,-68.24660385,44.15397486
10,1,123,123,AC-105,40,200,F-22,200,2500,F20,F20,12,2,150,,F20 17,273,F20,17,2022-07-09,EG/LS,0,3,4,7,,F20 17,,40,100,-68.25061662,44.14912718
11,1,136,136,AI-108,40,200,G-23,200,2500,G21,G21,0,2,0,,G21 8,208,G21,8,2022-06-28,EG/LS,0,0,0,0,,G21 8,,40,100,-68.24986985,44.14885218
12,1,142,142,BV-168,40,200,O-35,200,2500,O33,O33,1,2,12.5,,O33 7,530,O33,7,2022-08-11,EG/LS,0,0,0,0,,O33 7,,40,100,-68.2450625,44.14341856
13,2,177,177,BA-35,40,200,K06,200,2500,K06,K06,5,2,62.5,,K06 16,326,K06,16,2022-07-12,EG/LS,2,3,0,5,,K06 16,,40,100,-68.24753579,44.1554092
14,2,200,200,R-100,40,200,D-21,200,2500,D19,D19,16,2,200,,D19 16,292,D19,16,2022-07-09,EG/LS/JM,5,6,3,14,,D19 16,,31.69391549,27.51808499,-68.25194934,44.14960324
15,2,213,213,BN-27,40,200, ,200,2500,M05,M05,26,2,325,,M05 4,636,M05,4,2022-08-18,EG/LS/HA,2,2,1,5,,M05 4,,40,100,-68.24590104,44.15611868
16,1,232,232,BD-179,40,200,K-37,200,2500,K35,K35,9,2,112.5,,K35 14,556,K35,14,2022-08-13,EG/LS,1,4,4,9,,K35 14,,40,100,-68.24732543,44.14244314
17,1,256,256,BW-149,40,200,O-31,200,2500,O29,O29,7,2,87.5,,O29 13,8,O29,13,2022-06-11,EG,2,1,3,6,,O29 13,,40,100,-68.24491567,44.14512821
18,2,282,282,BF-34,40,200,K06,200,2500,K06,K06,5,2,62.5,,L06 11,328,L06,11,2022-07-12,EG/LS,14,2,0,16,,L06 11,,40,100,-68.24690942,44.15549511
19,2,295,295,BD-111,40,200,K-24,200,2500,K22,K22,1,2,12.5,,K21 24,25,K21,24,2022-06-12,EG,0,2,0,2,,K21 24,,40,100,-68.24724763,44.14856484
20,2,314,314,BI-46,40,200,L-10,200,2500,L08,L08,0,2,0,,L08 24,175,L08,24,2022-06-25,EG/LS/JM,0,0,0,0,,L08 24,,40,100,-68.24654804,44.15441234
21,4,340,340,BK-91,40,200,L-20,200,2500,L18,L18,0,2,0,,M17 21,235,M17,21,2022-07-04,EG/LS,0,3,5,8,1 death,M17 21,,31.73725557,57.46045581,-68.24637559,44.15035652
22,4,368,368,AA-41,40,200,F-10,200,2500,F08,F08,0,2,0,,E07 25,66,E07,25,2022-06-17,EG/LS,0,0,0,0,,E07 25,,40,100,-68.25079379,44.15489042
23,4,375,375,BF-41,40,200,K07,200,2500,K07,K07,7,2,87.5,,L07 21,177,L07,21,2022-06-25,EG/LS,0,0,0,0,1 pair wings,L07 21,,40,100,-68.24691744,44.15486494
24,1,394,394,BN-30,40,200, ,200,2500,M05,M05,26,2,325,,M05 19,651,M05,19,2022-08-18,EG/LS/HA,6,4,5,15,1 death,M05 19,,40,100,-68.24590448,44.15584861
25,2,404,404,AA-95,40,200,F-20,200,2500,F18,F18,0,2,0,,E18 20,490,E18,20,2022-07-30,EG/LS,0,1,2,3,1 death,E18 20,,40,100,-68.25085529,44.15002907
26,1,405,405,BD-168,40,200,K-35,200,2500,K33,K33,1,2,12.5,,K33 9,16,K33,9,2022-06-11,EG,0,0,1,1,2 HERG nests,K33 9,,40,100,-68.24731284,44.14343341
27,4,410,410,AU-36,40,200,I07,200,2500,I07,I07,1,2,12.5,,I06 20,323,I06,20,2022-07-12,EG/LS,0,0,0,0,1 death,I06 20,,40,100,-68.2482872,44.15532412
28,4,414,414,AZ-67,40,200,K-15,200,2500,K13,K13,0,2,0,,J13 5,460,J13,5,2022-07-25,EG/LS/JM,0,0,0,0,,J13 5,,40,100,-68.24769744,44.15252923
29,2,451,451,BK-123,40,200,L-26,200,2500,L24,L24,12,2,150,,M24 6,132,M24,6,2022-06-23,EG,0,1,1,2,,M24 6,,40,100,-68.24638617,44.14747877
30,2,462,462,AZ-143,40,200,K-30,200,2500,K28,K28,17,2,212.5,,J28 10,222,J28,10,2022-06-29,EG/LS,0,0,0,0,,J28 10,,40,100,-68.24778434,44.14568733
31,2,479,479,BP-143,40,200,N-30,200,2500,N28,N28,21,2,262.5,,N28 6,81,N28,6,2022-06-18,EG/LS,0,0,0,0,,N28 6,,40,100,-68.24578396,44.14567414
32,1,488,488,AS-65,40,200,I-14,200,2500,I12,I12,0,2,0,,I12 18,464,I12,18,2022-07-28,EG/LS/AP,0,0,0,0,,I12 18,,40,100,-68.24857042,44.15271504
33,1,507,507,BI-104,40,200,L-22,200,2500,L20,L20,16,2,200,,L20 14,250,L20,14,2022-07-07,EG/LS/JM,1,4,2,7,,L20 14,,40,100,-68.24661447,44.14919089
34,2,544,544,AU-144,40,200,J-30,200,2500,J28,J28,0,2,0,,I28 15,358,I28,15,2022-07-16,EG/LS,0,0,0,0,,I28 15,,40,100,-68.2484106,44.14560142
35,1,559,559,BW-158,40,200,O-33,200,2500,O31,O31,0,2,0,,O31 8,88,O31,8,2022-06-18,EG/LS,0,0,0,0,,O31 8,,40,100,-68.244926,44.14431799
36,2,574,574,BN-146,40,200,M-31,200,2500,M29,M29,7,2,87.5,,M28 24,706,M28,24,2022-08-20,EG/LS/HA,1,0,3,4,,M28 24,,40,100,-68.24603744,44.14540572
37,1,584,584,BL-30,40,200, ,200,2500,M05,M05,26,2,325,,M05 17,649,M05,17,2022-08-18,EG/LS/HA,11,2,6,19,,M05 17,,40,100,-68.24615457,44.15585026
38,1,596,596,BV-178,40,200,O-37,200,2500,O35,O35,2,2,25,,O35 7,534,O35,7,2022-08-11,EG/LS,0,0,0,0,,O35 7,,40,100,-68.24507397,44.14251831
39,2,600,600,AB-100,40,200,F-21,200,2500,F19,F19,1,2,12.5,,F19 16,275,F19,16,2022-07-09,EG/LS,0,1,0,1,,F19 16,,40,100,-68.25073595,44.14957813
40,2,613,613,AV-150,40,200,J-31,200,2500,J29,J29,0,2,0,,J29 16,225,J29,16,2022-06-29,EG/LS,0,0,0,0,,J29 16,,40,100,-68.24829243,44.14506045
41,2,631,631,BP-168,40,200,M-35,200,2500,M33,M33,0,2,0,,N33 6,523,N33,6,2022-08-11,EG/LS,0,0,0,0,,N33 6,,40,100,-68.24581261,44.14342352
42,2,638,638,BK-180,40,200,M-37,200,2500,M35,M35,0,2,0,,M35 16,514,M35,16,2022-08-11,EG/LS,0,0,0,0,,M35 16,,40,100,-68.24645145,44.14234734
43,1,658,658,AY-54,40,200,J-12,200,2500,J10,J10,0,2,0,,J10 14,238,J10,14,2022-07-05,EG/LS,0,0,0,0,,J10 14,,40,100,-68.24780761,44.15370038
44,4,665,665,BK-146,40,200,L-30,200,2500,L28,L28,6,2,75,,M28 21,703,M28,21,2022-08-20,EG/LS/HA,0,2,1,3,,M28 21,,40,100,-68.24641251,44.14540819
45,2,678,678,T-82,40,200,D-18,200,2500,D16,D16,4,2,50,,D16 3,497,D16,3,2022-07-30,EG/LS,0,2,0,2,,D16 3,,40,100,-68.25171574,44.15120514
46,2,701,701,AX-106,40,200,J-23,200,2500,J21,J21,13,2,162.5,,J20 23,267,J20,23,2022-07-08,EG/LS,0,0,0,0,,J20 23,,40,100,-68.2479921,44.1490199
47,1,702,702,BM-28,40,200, ,200,2500,M05,M05,26,2,325,,M05 8,640,M05,8,2022-08-18,EG/LS/HA,9,3,5,17,,M05 8,,40,100,-68.24602723,44.15602948
48,4,718,718,AF-32,40,200,F-7,200,2500,F05,F05,0,2,0,,F06 5,70,F06,5,2022-06-17,EG/LS,0,0,0,0,,F06 5,,40,100,-68.25015831,44.15569655
49,2,734,734,BF-120,40,200,K-25,200,2500,K23,K23,0,2,0,,L23 16,124,L23,16,2022-06-23,LS,0,0,1,1,,L23 16,,40,100,-68.24700787,44.14775297
50,1,736,736,Y-29,40,200,E-7,200,2500,E05,E05,0,2,0,,E05 13,344,E05,13,2022-07-13,EG/LS/JM,0,0,0,0,,E05 13,,35.88387053,71.8853982,-68.25102221,44.1559613
51,1,756,756,AI-94,40,200,G-20,200,2500,G18,G18,5,2,62.5,,G18 13,214,G18,13,2022-06-28,EG/LS,0,1,3,4,,G18 13,,40,100,-68.24985388,44.15011253
52,2,763,763,BI-36,40,200,L07,200,2500,L07,L07,0,2,0,,L06 24,329,L06,24,2022-07-12,EG/LS,2,1,1,4,,L06 24,,40,100,-68.24653658,44.15531259
53,1,765,765,BL-129,40,200,M-27,200,2500,M25,M25,4,2,50,,M25 12,108,M25,12,2022-06-22,EG/LS,1,0,0,1,,M25 12,,40,100,-68.24626801,44.14693779
54,2,770,770,W-40,40,200,D07,200,2500,D07,D07,0,2,0,,E07 16,67,E07,16,2022-06-17,EG/LS,0,0,0,0,,E07 16,,40,100,-68.25129283,44.15498373
55,4,781,781,AP-26,40,200,H-7,200,2500,H05,H05,0,2,0,,H04 25,434,H04,25,2022-07-24,EG/LS/WH,0,0,0,0,,H04 25,,40,100,-68.24890101,44.15622848
56,4,804,804,AV-36,40,200,I07,200,2500,I07,I07,1,2,12.5,,J06 21,324,J06,21,2022-07-12,EG/LS,0,0,0,0,,J06 21,,40,100,-68.24816216,44.1553233
57,2,838,838,BL-142,40,200,M-29,200,2500,M27,M27,15,2,187.5,,M28 2,75,M28,2,2022-06-18,EG/LS,0,5,3,8,,M28 2,,40,100,-68.24628291,44.14576747
58,2,841,841,BI-141,40,200,L-30,200,2500,L28,L28,6,2,75,,L27 24,98,L27,24,2022-06-22,EG/LS,0,0,0,0,,L27 24,,40,100,-68.24665683,44.14585997
59,2,891,891,AH-91,40,200,G-20,200,2500,G18,G18,5,2,62.5,,G17 22,145,G17,22,2022-06-24,EG/LS/AP,0,0,0,0,,G17 22,,40,100,-68.2499755,44.15038343
60,2,922,922,AR-82,40,200,I-17,200,2500,I15,I15,7,2,87.5,,I16 2,151,I16,2,2022-06-24,EG/LS/AP,0,0,0,0,,I16 2,,40,100,-68.24871488,44.15118544
61,4,925,925,AQ-106,40,200,I-22,200,2500,I20,I20,2,2,25,,I20 21,195,I20,21,2022-06-28,EG/LS,0,2,0,2,,I20 21,,40,100,-68.24886732,44.14902566
62,1,946,946,AX-159,40,200,J-33,200,2500,J31,J31,0,2,0,,J31 13,567,J31,13,2022-08-13,EG/LS,0,0,0,0,,J31 13,,40,100,-68.24805267,44.14424858
63,1,954,954,X-100,40,200,E-21,200,2500,E19,E19,2,2,25,,E19 17,290,E19,17,2022-07-09,EG/LS/JM,0,1,1,2,,E19 17,,40,100,-68.25123608,44.14958141
64,2,962,962,U-36,40,200,D07,200,2500,D07,D07,0,2,0,,D06 24,632,D06,24,2022-08-16,EG/LS,0,0,0,0,,D06 24,,40,100,-68.25153836,44.15534547
65,2,970,970,AR-56,40,200,I-13,200,2500,I11,I10,0,2,0,,I10 22,240,I10,22,2022-07-05,EG/LS,0,0,0,0,,I10 22,,40,100,-68.24868518,44.15352609
66,1,990,990,AM-148,40,200,H-31,200,2500,H29,H29,0,2,0,,H29 7,365,H29,7,2022-07-16,EG/LS,0,0,0,0,,H29 7,,40,100,-68.24941536,44.1452479
67,1,1000,1000,AD-80,40,200,F-17,200,2500,F15,F15,0,2,0,,F15 18,480,F15,18,2022-07-28,EG/LS/AP,0,0,0,0,,F15 18,,40,100,-68.2504631,44.15137699
68,1,1054,1054,BM-145,40,200,M-30,200,2500,M28,M28,13,2,162.5,,M28 18,700,M28,18,2022-08-20,EG/LS/HA,0,1,0,1,,M28 18,,40,100,-68.24616132,44.14549657
69,4,1059,1059,BP-22,40,200,M-5,200,2500,M03,M03,23,2,287.5,,N04 1,420,N04,1,2022-07-22,EG/LS,3,2,4,9,1 death,N04 1,,40,100,-68.24564521,44.15656716
70,2,1060,1060,BN-131,40,200,M-28,200,2500,M26,M26,14,2,175,,M25 24,109,M25,24,2022-06-22,EG/LS,1,1,1,3,1 wing,M25 24,,40,100,-68.24602025,44.14675609
71,1,1101,1101,AW-105,40,200,J-22,200,2500,J20,J20,0,2,0,,J20 17,266,J20,17,2022-07-08,EG/LS,0,0,0,0,1 death,J20 17,,40,100,-68.24811599,44.14911075
72,2,1131,1131,BT-28,40,200,N-7,200,2500,N05,N05,16,2,200,,N05 10,403,N05,10,2022-07-21,EG/LS,6,2,1,9,3 deaths,N05 10,,40,100,-68.24515191,44.1560237
73,4,1136,1136,BF-131,40,200,K-27,200,2500,K25,K25,3,2,37.5,,L25 21,111,L25,21,2022-06-22,EG/LS,1,0,0,1,,L25 21,,40,100,-68.24702046,44.14676269
74,2,1150,1150,AB-40,40,200,F07,200,2500,F07,F07,0,2,0,,F07 16,57,F07,16,2022-06-17,LS,0,0,0,0,,F07 16,,40,100,-68.25066761,44.15497963
75,1,1164,1164,AW-20,40,200,J-5,200,2500,J03,J03,2,2,25,,J03 17,441,J03,17,2022-07-24,EG/LS/WH,0,0,0,0,,J03 17,,40,100,-68.24801882,44.15676287
76,4,1170,1170,BT-131,40,200,N-28,200,2500,N26,N26,22,2,275,,N25 25,682,N25,25,2022-08-19,EG/LS/HA,14,6,8,28,,N25 25,,40,100,-68.24527009,44.14675114
77,1,1173,1173,BL-114,40,200,M-24,200,2500,M22,M22,44,2,550,,M22 12,129,M22,12,2022-06-23,LS,9,7,9,25,1 pair wings,M22 12,,40,100,-68.24625083,44.14828817
78,1,1174,1174,CA-150,40,200,P-31,208.4642241,2399.350088,P29,P29,0,2,0,,P29 17,351,P29,17,2022-07-13,EG/LS/JM,0,0,0,0,,P29 17,,7.818147478,2.544518756,-68.24446886,44.14499606
79,4,1183,1183,AL-31,40,200,H-7,200,2500,H05,H05,0,2,0,,H05 21,339,H05,21,2022-07-13,EG/LS,0,0,0,0,,H05 21,,40,100,-68.2494069,44.15578164
80,4,1203,1203,AV-137,40,200,I-28,200,2500,I26,I26,10,2,125,,J27 1,221,J27,1,2022-06-29,EG/LS/JM,7,1,4,12,"4 wings, very fresh",J27 1,,40,100,-68.24827758,44.14623077
81,1,1212,1212,BL-9,40,200,M-3,200,2500,M01,M01,5,2,62.5,,M01 12,609,M01,12,2022-08-15,EG/LS,1,1,1,3,,M01 12,,40,100,-68.2461305,44.15774078
82,1,1215,1215,BQ-130,40,200,N-27,200,2500,N25,N25,41,2,512.5,,N25 17,674,N25,17,2022-08-19,EG/LS/HA,4,0,3,7,,N25 17,,40,100,-68.24564403,44.14684364
83,2,1216,1216,AS-112,40,200,I-23,200,2500,I21,I21,0,2,0,,I22 3,310,I22,3,2022-07-10,EG/LS,0,0,0,0,,I22 3,,40,100,-68.24862411,44.14848387
84,2,1225,1225,AW-176,40,200,J-37,202.2897441,2496.970372,J35,J35,0,2,0,,J34 22,561,J34,22,2022-08-13,EG/LS,1,4,4,9,,J34 22,,36.66758125,84.93726164,-68.24818931,44.14272332
85,2,1231,1231,AK-29,40,200,H-7,200,2500,H05,H05,0,2,0,,G05 15,340,G05,15,2022-07-13,EG/LS,0,0,0,0,,G05 15,,40,100,-68.24952966,44.15596251
86,2,1240,1240,AM-157,40,200,H-32,200,2500,H30,H30,0,2,0,,H31 2,579,H31,2,2022-08-13,EG/LS,0,0,0,0,,H31 2,,40,100,-68.24942563,44.14443767
87,1,1250,1250,BR-38,40,200,N07,200,2500,N07,N07,0,2,0,,N07 8,406,N07,8,2022-07-21,EG/LS,0,0,0,0,near otter stream thing,N07 8,,40,100,-68.24541348,44.15512511
88,1,1254,1254,BN-109,40,200,M-23,200,2500,M21,M21,4,2,50,,M21 14,20,M21,14,2022-06-12,LS,0,1,1,2,,M21 14,,40,100,-68.24599504,44.14873664
89,2,1266,1266,BG-162,40,200,L-33,200,2500,L31,L31,1,2,12.5,,L32 2,12,L32,2,2022-06-11,LS,0,0,0,0,,L32 2,,40,100,-68.24693092,44.14397109
90,1,1268,1268,BM-24,40,200,M-6,200,2500,M04,M04,36,2,450,,M04 13,425,M04,13,2022-07-24,EG/LS/WH,7,2,6,15,2 deaths,M04 13,,40,100,-68.24602265,44.15638958
91,2,1281,1281,L-38,40,200,C07,200,2500,C07,C07,0,2,0,,B07 10,628,B07,10,2022-08-16,EG/LS,0,0,0,0,,B07 10,,40,100,-68.25266604,44.15517278
92,2,1287,1287,BC-42,40,200,K07,200,2500,K07,K07,7,2,87.5,,K08 3,172,K08,3,2022-06-25,EG/LS/JM,0,2,0,2,,K08 3,,40,100,-68.24729371,44.15477738
93,4,1304,1304,BZ-157,40,200,P-33,200,2500,P31,P31,0,2,0,,P31 1,540,P31,1,2022-08-12,EG/LS,0,0,0,0,,P31 1,,40,100,-68.24454979,44.14440553
94,4,1308,1308,AZ-126,40,200,K-27,200,2500,K25,K25,3,2,37.5,,J24 25,114,J24,25,2022-06-23,LS,1,0,2,3,,J24 25,,40,100,-68.2477649,44.14721776
95,1,1313,1313,AS-63,40,200,I-14,200,2500,I12,I12,0,2,0,,I12 8,465,I12,8,2022-07-28,EG/LS/AP,0,0,0,0,,I12 8,,40,100,-68.24856814,44.15289509
96,2,1345,1345,BX-136,40,200,O-28,200,2500,O26,O26,23,2,287.5,,O26 24,49,O26,24,2022-06-16,EG/LS,4,1,2,7,,O26 24,,39.46959156,95.87331032,-68.24477825,44.14629838
97,4,1370,1370,BO-146,40,200,N-31,200,2500,N29,N29,29,2,362.5,,M28 25,707,M28,25,2022-08-20,EG/LS/HA,0,2,0,2,,M28 25,,40,100,-68.24591242,44.14540489
98,1,1382,1382,AE-29,40,200,F-7,200,2500,F05,F05,0,2,0,,F05 14,343,F05,14,2022-07-13,EG/LS,0,0,0,0,,F05 14,,40,100,-68.25027994,44.15596744
99,1,1383,1383,AX-95,40,200,J-20,200,2500,J18,J18,1,2,12.5,,J18 18,262,J18,18,2022-07-08,EG/LS,0,0,0,0,,J18 18,,40,100,-68.24797952,44.15001018
100,2,1410,1410,BT-128,40,200,O-27,200,2500,O25,O25,29,2,362.5,,N25 10,667,N25,10,2022-08-19,EG/LS/HA,10,4,12,26,,N25 10,,40,100,-68.24526665,44.14702122
101,1,1414,1414,BM-19,40,200,M-5,200,2500,M03,M03,23,2,287.5,,M03 13,446,M03,13,2022-07-24,EG/LS/WH,6,0,0,6,,M03 13,,40,100,-68.24601691,44.15683971
102,2,1455,1455,BO-28,40,200, ,200,2500,M05,M05,26,2,325,,M05 10,642,M05,10,2022-08-18,EG/LS/HA,0,0,1,1,1 death,M05 10,,40,100,-68.24577714,44.15602783
103,2,1490,1490,BM-31,40,200, ,200,2500,M05,M05,26,2,325,,M05 23,655,M05,23,2022-08-18,EG/LS/HA,9,2,4,15,,M05 23,,40,100,-68.24603067,44.15575941
104,2,1528,1528,AI-16,40,200,G-4,200.5375615,2441.430609,G02,G02,0,2,0,,G02 23,590,G02,23,2022-08-15,EG/LS,0,0,0,0,,G02 23,,38.60123896,96.65255115,-68.24976304,44.15713329
105,1,1560,1560,AT-90,40,200,I-19,200,2500,I17,I17,0,2,0,,I17 19,141,I17,19,2022-06-24,EG/LS/AP,0,0,0,0,,I17 19,,40,100,-68.24847395,44.1504636
106,4,1573,1573,BE-121,40,200,L-26,200,2500,L24,L24,12,2,150,,K23 25,119,K23,25,2022-06-23,EG/LS/JM,0,0,0,0,,K23 25,,40,100,-68.24713405,44.14766376
107,1,1587,1587,AC-85,40,200,F16,200,2500,F16,F16,0,2,0,,F16 17,281,F16,17,2022-07-09,EG/LS,0,0,0,0,,F16 17,,40,100,-68.25059383,44.15092768
108,2,1598,1598,AN-77,40,200,H-16,200,2500,H14,H14,4,2,50,,H15 3,472,H15,3,2022-07-28,EG/LS/AP,0,0,0,0,,H15 3,,40,100,-68.24920931,44.15163885
109,4,1602,1602,BF-46,40,200,K-10,200,2500,K08,K08,3,2,37.5,,L08 21,174,L08,21,2022-06-25,EG/LS/JM,0,0,0,0,,L08 21,,40,100,-68.24692316,44.15441481
110,2,1615,1615,AK-15,40,200,G-4,200.5375615,2441.430609,G02,G02,0,2,0,,G02 20,589,G02,20,2022-08-15,EG/LS,0,0,0,0,,G02 20,,40,100,-68.24951369,44.15722286
111,2,1625,1625,BK-28,40,200, ,200,2500,M05,M05,26,2,325,,M05 6,638,M05,6,2022-08-18,EG/LS/HA,12,2,4,18,,M05 6,,40,100,-68.24627732,44.15603114
112,4,1662,1662,BP-156,40,200,M-33,200,2500,M31,M31,12,2,150,exact count,N30 21,6,N30,21,2022-06-11,LS,8,2,1,11,,N30 21,,40,100,-68.24579886,44.14450382
113,1,1669,1669,BL-28,40,200, ,200,2500,M05,M05,26,2,325,,M05 7,639,M05,7,2022-08-18,EG/LS/HA,30,2,5,37,,M05 7,,40,100,-68.24615228,44.15603031
114,2,1671,1671,BC-126,40,200,K-27,200,2500,K25,K25,3,2,37.5,,K24 23,121,K24,23,2022-06-23,EG/JM,0,0,0,0,,K24 23,,40,100,-68.24738982,44.14721529
115,2,1679,1679,BE-128,40,200,K-27,200,2500,K25,K25,3,2,37.5,,K25 10,113,K25,10,2022-06-22,EG/LS,0,0,2,2,1 wing,K25 10,,40,100,-68.24714206,44.14703359
116,1,1697,1697,AO-115,40,200,H-24,200,2500,H22,H22,0,2,0,,H22 19,313,H22,19,2022-07-10,EG/LS,0,0,0,0,,H22 19,,40,100,-68.24912765,44.14821708
117,2,1715,1715,R-45,40,200,C-10,200,2500,C08,C08,0,2,0,,D08 16,621,D08,16,2022-08-16,EG/LS,0,0,0,0,,D08 16,,40,100,-68.25192373,44.1545377
118,4,1723,1723,BJ-101,40,200,M-21,200,2500,M19,M19,0,2,0,,L19 25,252,L19,25,2022-07-07,EG/LS/JM,0,3,2,5,1 wing,L19 25,,40,100,-68.246486,44.14946014
119,2,1734,1734,BQ-127,40,200,N-26,200,2500,N24,N24,44,2,550,,N25 2,659,N25,2,2022-08-19,EG/LS/HA,4,1,1,6,,N25 2,,40,100,-68.24564059,44.14711372
120,4,1762,1762,AQ-156,40,200,H-32,200,2500,H30,H30,0,2,0,,I30 21,354,I30,21,2022-07-16,EG/LS,0,0,0,0,2 HERG nests,I30 21,,40,100,-68.2489244,44.14452441
121,2,1780,1780,Z-81,40,200,E-18,200,2500,E16,E16,0,2,0,,E15 24,485,E15,24,2022-07-30,EG/LS,0,2,0,2,,E15 24,,40,100,-68.25096438,44.15129024
122,4,1789,1789,AK-47,40,200,H-11,200,2500,H09,H09,0,2,0,,G09 5,51,G09,5,2022-06-17,LS,0,0,0,0,,G09 5,,40,100,-68.2495502,44.15434207
123,2,1795,1795,AN-97,40,200,H-20,200,2500,H18,H18,3,2,37.5,,H19 3,203,H19,3,2022-06-28,EG/LS,0,0,1,1,,H19 3,,40,100,-68.24923214,44.14983835
124,2,1803,1803,AJ-102,40,200,G-22,200,2500,G20,G20,7,2,87.5,,G20 4,211,G20,4,2022-06-28,EG/LS,1,4,1,6,"2 pairs wings, otter scat",G20 4,,40,100,-68.24973797,44.14939151
125,1,1805,1805,AR-84,40,200,I-18,200,2500,I16,I16,8,2,100,,I16 12,150,I16,12,2022-06-24,EG/LS/AP,0,3,5,8,,I16 12,,40,100,-68.24871716,44.15100539
126,4,1807,1807,AG-21,40,200,F-5,193.3123475,1727.215557,F03,G03,0,2,0,,G03 21,587,G03,21,2022-08-15,EG/LS,0,0,0,0,,G03 21,,40,100,-68.25002072,44.156686
127,4,1811,1811,BP-107,40,200,M-23,200,2500,M21,M21,4,2,50,,N21 1,228,N21,1,2022-07-04,EG/LS,0,2,0,2,,N21 1,,28.50981784,40.82889984,-68.24577749,44.14892268
128,2,1827,1827,BL-31,40,200, ,200,2500,M05,M05,26,2,325,,M05 22,654,M05,22,2022-08-18,EG/LS/HA,6,2,0,8,,M05 22,,40,100,-68.24615572,44.15576024
129,4,1843,1843,AQ-42,40,200,H07,200,2500,H07,H07,3,2,37.5,,I08 1,168,I08,1,2022-06-25,EG/LS/JM,0,0,0,0,,I08 1,,40,100,-68.24879423,44.15478726
130,2,1862,1862,BV-152,40,200,O-31,200,2500,O29,O29,7,2,87.5,,O30 2,11,O30,2,2022-06-11,LS,3,0,1,4,,O30 2,,40,100,-68.24504414,44.14485896
131,1,1895,1895,AM-113,40,200,H-24,200,2500,H22,H22,0,2,0,,H22 7,312,H22,7,2022-07-10,EG/LS,0,0,0,0,,H22 7,,40,100,-68.24937543,44.14839877
132,4,1915,1915,AB-37,40,200,F07,200,2500,F07,F07,0,2,0,,F07 1,56,F07,1,2022-06-17,EG,0,0,0,0,,F07 1,,40,100,-68.25066419,44.1552497
133,1,1937,1937,I-43,40,200,B-10,200,2500,B08,B08,0,2,0,,B08 7,618,B08,7,2022-08-16,EG/LS,0,0,0,0,,B08 7,,2.871579966,0.3301025,-68.25298802,44.15476779
134,4,1948,1948,AU-12,40,200,I-3,200.5726888,2489.675358,I01,I01,0,2,0,,I02 5,596,I02,5,2022-08-15,EG/LS,0,0,0,0,,I02 5,,40,100,-68.24825977,44.15748472
135,2,1951,1951,BP-183,40,200,M-38,200,2500,M36,M36,0,2,0,,N36 6,517,N36,6,2022-08-11,EG/LS,0,0,0,0,,N36 6,,40,100,-68.2458298,44.14207314
136,2,1957,1957,AG-99,40,200,F-21,200,2500,F19,F19,1,2,12.5,,G19 11,212,G19,11,2022-06-28,EG/LS,0,0,0,0,,G19 11,,40,100,-68.25010965,44.14966405
137,4,1972,1972,BU-137,40,200,N-28,200,2500,N26,N26,22,2,275,,O27 1,90,O27,1,2022-06-19,LS,0,4,2,6,,O27 1,,40,100,-68.24515195,44.14621016
138,2,1981,1981,AY-11,40,200,J-3,200,2500,J01,J01,0,2,0,,J01 24,600,J01,24,2022-08-15,EG/LS,0,0,0,0,,J01 24,,40,100,-68.24775843,44.15757145
139,1,2022,2022,CC-170,40,200,P-35,200,2500,P33,P33,0,2,0,,P33 19,543,P33,19,2022-08-12,EG/LS,0,0,0,0,,P33 19,,40,100,-68.24418966,44.14323273
140,2,2077,2077,AX-26,40,200,J-7,200,2500,J05,J05,2,2,25,,J04 23,431,J04,23,2022-07-24,EG/LS/WH,0,0,0,0,,J04 23,,40,100,-68.24790063,44.1562219
141,1,2088,2088,AO-79,40,200,H-17,200,2500,H15,H15,0,2,0,,H15 14,473,H15,14,2022-07-28,EG/LS/AP,0,0,0,0,,H15 14,,40,100,-68.24908656,44.15145798
142,1,2125,2125,AS-9,40,200,I-3,200.5726888,2489.675358,I01,I01,0,2,0,,I01 13,597,I01,13,2022-08-15,EG/LS,0,0,0,0,,I01 13,,34.76154459,63.92564153,-68.24850191,44.15774071
143,1,2138,2138,BD-94,40,200,K-20,200,2500,K18,K18,7,2,87.5,,K18 14,260,K18,14,2022-07-08,EG/LS,0,0,0,0,,K18 14,,40,100,-68.24722818,44.15009526
144,1,2184,2184,AO-94,40,200,H-20,200,2500,H18,H18,3,2,37.5,,H18 14,201,H18,14,2022-06-28,EG/LS,0,1,1,2,,H18 14,,40,100,-68.24910368,44.15010761
145,4,2215,2215,BK-111,40,200,M-23,200,2500,M21,M21,4,2,50,,M21 21,21,M21,21,2022-06-12,EG,0,2,0,2,,M21 21,,40,100,-68.24637242,44.14855907
146,4,2261,2261,BF-156,40,200,L-32,200,2500,L30,L30,4,2,50,,L30 21,37,L30,21,2022-06-16,LS,0,0,0,0,,L30 21,,40,100,-68.24704907,44.14451207
147,2,2268,2268,BS-131,40,200,N-28,200,2500,N26,N26,22,2,275,,N25 24,681,N25,24,2022-08-19,EG/LS/HA,13,3,6,22,,N25 24,,40,100,-68.24539512,44.14675197
148,1,2277,2277,AI-79,40,200,G-17,200,2500,G15,G15,1,2,12.5,,G15 13,479,G15,13,2022-07-28,EG/LS/AP,0,0,0,0,,G15 13,,40,100,-68.24983678,44.15146291
149,1,2280,2280,AN-140,40,200,H-29,200,2500,H27,H27,0,2,0,,H27 18,362,H27,18,2022-07-16,EG/LS,0,0,0,0,,H27 18,,40,100,-68.24928121,44.14596728
150,1,2299,2299,BL-144,40,200,M-30,200,2500,M28,M28,13,2,162.5,,M28 12,694,M28,12,2022-08-20,EG/LS/HA,2,0,0,2,,M28 12,,40,100,-68.2462852,44.14558742
151,1,2318,2318,AE-48,40,200,F-11,200,2500,F09,F09,0,2,0,,F09 9,61,F09,9,2022-06-17,LS,0,0,0,0,,F09 9,,40,100,-68.25030159,44.15425697
152,2,2327,2327,BQ-131,40,200,N-28,200,2500,N26,N26,22,2,275,,N25 22,679,N25,22,2022-08-19,EG/LS/HA,2,0,0,2,,N25 22,,40,100,-68.24564517,44.14675362
153,1,2339,2339,BC-73,40,200,K-16,200,2500,K14,K14,0,2,0,,K14 8,453,K14,8,2022-07-25,EG/LS/JM,0,0,0,0,,K14 8,,19.20168742,14.28467568,-68.24737504,44.15196296
154,1,2355,2355,AN-35,40,200,H06,200,2500,H06,H06,0,2,0,,H06 18,321,H06,18,2022-07-12,EG/LS,0,0,0,0,incl. cabin,H06 18,,40,100,-68.24916137,44.1554199
155,1,2367,2367,AM-84,40,200,H-18,200,2500,H16,H16,3,2,37.5,,H16 12,148,H16,12,2022-06-24,EG/LS/AP,0,3,0,3,,H16 12,,40,100,-68.24934234,44.1510095
156,4,2369,2369,AP-72,40,200,H-15,200,2500,H13,H13,6,2,75,,H14 5,475,H14,5,2022-07-28,EG/LS/AP,0,0,0,0,,H14 5,,40,100,-68.24895353,44.15208733
157,2,2408,2408,AN-86,40,200,H-19,200,2500,H17,H17,0,2,0,,H16 23,149,H16,23,2022-06-24,EG/LS/AP,0,0,0,0,1 pair wings,H16 23,,40,100,-68.24921959,44.15082863
158,2,2411,2411,AD-42,40,200,F-10,200,2500,F08,F08,0,2,0,,F08 3,59,F08,3,2022-06-17,EG,0,0,0,0,,F08 3,,40,100,-68.2504198,44.15479794
159,2,2451,2451,AQ-113,40,200,H-24,200,2500,H22,H22,0,2,0,,I22 6,311,I22,6,2022-07-10,EG/LS,0,0,0,0,,I22 6,,40,100,-68.24887531,44.14839549
160,2,2456,2456,BO-29,40,200, ,200,2500,M05,M05,26,2,325,,M05 15,647,M05,15,2022-08-18,EG/LS/HA,0,0,0,0,,M05 15,,40,100,-68.24577829,44.15593781
161,1,2465,2465,BN-145,40,200,M-30,200,2500,M28,M28,13,2,162.5,,M28 19,701,M28,19,2022-08-20,EG/LS/HA,4,0,0,4,,M28 19,,40,100,-68.2460363,44.14549574
162,2,2482,2482,BY-145,40,200,O-30,200,2500,O30,O30,4,2,50,,O28 20,83,O28,20,2022-06-18,EG/LS,0,0,0,0,,O28 20,,40,100,-68.24466104,44.14548666
163,1,2507,2507,AX-163,40,200,J-34,200,2500,J32,J32,2,2,25,,J32 8,565,J32,8,2022-08-13,EG/LS,0,0,0,0,,J32 8,,40,100,-68.24805725,44.14388848
164,2,2508,2508,AR-126,40,200,I-27,200,2500,I25,I25,2,2,25,,I24 22,302,I24,22,2022-07-10,EG/LS,0,0,0,0,,I24 22,,40,100,-68.24876512,44.14722434
165,2,2521,2521,AI-107,40,200,G-22,200,2500,G20,G20,7,2,87.5,,G21 3,209,G21,3,2022-06-28,EG/LS,0,0,0,0,1 wing,G21 3,,40,100,-68.24986871,44.14894221
166,1,2522,2522,BI-170,40,200,L-35,200,2500,L33,L33,0,2,0,,L33 19,15,L33,19,2022-06-11,LS,0,0,0,0,,L33 19,,40,100,-68.24669004,44.14324924
167,2,2538,2538,AK-88,40,200,G-19,200,2500,G17,G17,0,2,0,,G17 10,144,G17,10,2022-06-24,EG/LS/AP,0,0,0,0,,G17 10,,40,100,-68.24959697,44.15065104
168,2,2541,2541,BT-125,40,200,N-26,200,2500,N24,N24,44,2,550,,N24 20,187,N24,20,2022-06-26,EG/LS,15,8,11,34,4 pairs wings  ,N24 20,,40,100,-68.24526321,44.14729129
169,1,2549,2549,AX-174,40,200,J-36,200,2500,J34,J34,9,2,112.5,,J34 13,562,J34,13,2022-08-13,EG/LS,0,0,0,0,,J34 13,,40,100,-68.24806982,44.1428982
170,1,2560,2560,BB-23,40,200,K-6,200,2500,K04,K04,22,2,275,,K04 7,429,K04,7,2022-07-24,EG/LS/WH,9,1,4,14,2 deaths,K04 7,,40,100,-68.24739702,44.15648868
171,4,2570,2570,AL-41,40,200,H07,200,2500,H07,H07,3,2,37.5,,H07 21,184,H07,21,2022-06-25,EG/LS,0,0,0,0,,H07 21,,40,100,-68.24941831,44.15488139
172,1,2602,2602,AO-118,40,200,H-25,200,2500,H23,H23,0,2,0,,H23 9,306,H23,9,2022-07-10,EG/LS,0,0,0,0,,H23 9,,40,100,-68.24913108,44.14794701
173,2,2609,2609,AJ-26,40,200,G-6,200,2500,G04,G04,0,2,0,,G04 24,586,G04,24,2022-08-15,EG/LS,0,0,0,0,,G04 24,,40,100,-68.24965128,44.15623341
174,4,2616,2616,AL-17,40,200,G-4,200.5375615,2441.430609,G02,G02,0,2,0,,H03 1,437,H03,1,2022-07-24,EG/LS/WH,0,0,0,0,,H03 1,,40,100,-68.24939092,44.15704199
175,1,2636,2636,AO-10,40,200,H-3,209.684775,2427.934486,H01,H01,0,2,0,,H01 19,592,H01,19,2022-08-15,EG/LS,0,0,0,0,,H01 19,,35.55582089,74.77163416,-68.24900316,44.1576589
176,1,2639,2639,BN-28,40,200, ,200,2500,M05,M05,26,2,325,,M05 9,641,M05,9,2022-08-18,EG/LS/HA,6,5,6,17,2 deaths,M05 9,,40,100,-68.24590219,44.15602866
177,1,2653,2653,BV-33,40,200,O06,200,2500,O06,O06,9,2,112.5,,O06 7,413,O06,7,2022-07-21,EG/LS,8,1,0,9,1 death,O06 7,,38.57729533,81.17723546,-68.24490958,44.15558013
178,1,2654,2654,BG-155,40,200,L-32,200,2500,L30,L30,4,2,50,,L30 17,36,L30,17,2022-06-16,EG,2,1,1,4,,L30 17,,40,100,-68.24692291,44.14460127
179,1,2675,2675,BV-164,40,200,O-34,200,2500,O32,O32,0,2,0,,O32 12,528,O32,12,2022-08-11,EG/LS,0,0,0,0,,O32 12,,40,100,-68.24505791,44.14377866
180,2,2677,2677,AR-162,40,200,I-34,200,2500,I32,I32,0,2,0,,I32 2,571,I32,2,2022-08-13,EG/LS,0,0,0,0,,I32 2,,40,100,-68.24880623,44.14398344
181,2,2681,2681,BH-41,40,200,L07,200,2500,L07,L07,0,2,0,,L07 23,176,L07,23,2022-06-25,EG/LS,0,0,0,0,1 pair wings,L07 23,,40,100,-68.24666735,44.15486329
182,1,2698,2698,BQ-175,40,200,N-36,200,2500,N34,N34,1,2,12.5,,N34 17,521,N34,17,2022-08-11,EG/LS,0,0,0,0,incl. foundation,N34 17,,40,100,-68.24569562,44.14279252
183,2,2731,2731,BS-181,40,200,N-37,200,2500,N35,N35,0,2,0,,N35 24,520,N35,24,2022-08-11,EG/LS,0,0,0,0,,N35 24,,40,100,-68.24545246,44.14225072
184,2,2732,2732,BV-137,40,200,O-28,200,2500,O26,O26,23,2,287.5,,O27 2,91,O27,2,2022-06-19,EG/JM,0,0,1,1,,O27 2,,40,100,-68.24502693,44.14620934
185,1,2740,2740,BL-113,40,200,M-24,200,2500,M22,M22,44,2,550,,M22 7,128,M22,7,2022-06-23,EG,8,5,6,19,3 pairs wings,M22 7,,40,100,-68.24624968,44.14837819
186,2,2761,2761,BI-111,40,200,L-24,200,2500,L22,L22,6,2,75,,L21 24,23,L21,24,2022-06-12,EG,2,2,2,6,,L21 24,,40,100,-68.24662248,44.14856072
187,1,2775,2775,BL-10,40,200,M-3,200,2500,M01,M01,5,2,62.5,,M01 17,610,M01,17,2022-08-15,EG/LS,0,0,2,2,,M01 17,,40,100,-68.24613165,44.15765076
188,1,2801,2801,Z-94,40,200,E-20,200,2500,E18,E18,7,2,87.5,,E18 14,491,E18,14,2022-07-30,EG/LS,0,4,0,4,,E18 14,,40,100,-68.25097919,44.15011992
189,4,2806,2806,AU-137,40,200,I-28,200,2500,I26,I26,10,2,125,,I27 5,360,I27,5,2022-07-16,EG/LS,4,0,0,4,,I27 5,,40,100,-68.24840261,44.1462316
190,2,2818,2818,BO-34,40,200,M06,200,2500,M06,M06,17,2,212.5,,M06 15,399,M06,15,2022-07-21,EG/LS,8,1,3,12,,M06 15,,40,100,-68.24578402,44.15548768
191,1,2836,2836,BL-145,40,200,M-30,200,2500,M28,M28,13,2,162.5,,M28 17,699,M28,17,2022-08-20,EG/LS/HA,2,1,1,4,,M28 17,,40,100,-68.24628634,44.14549739
192,1,2851,2851,AY-159,40,200,J-33,200,2500,J31,J31,0,2,0,,J31 14,568,J31,14,2022-08-13,EG/LS,0,0,0,0,,J31 14,,40,100,-68.24792765,44.14424775
193,2,2884,2884,M-44,40,200,B-10,200,2500,B08,B08,0,2,0,,C08 11,619,C08,11,2022-08-16,EG/LS,0,0,0,0,,C08 11,,40,100,-68.25254781,44.15463182
194,1,2890,2890,X-89,40,200,E-19,200,2500,E17,E17,0,2,0,,E17 12,489,E17,12,2022-07-30,EG/LS,0,0,0,0,,E17 12,,40,100,-68.25122356,44.15057168
195,1,2896,2896,BM-139,40,200,M-29,200,2500,M27,M27,15,2,187.5,,M27 13,76,M27,13,2022-06-18,EG/LS,2,2,2,6,,M27 13,,40,100,-68.24615444,44.14603672
196,1,2899,2899,BD-123,40,200,K-26,200,2500,K24,K24,1,2,12.5,,K24 9,120,K24,9,2022-06-23,LS,0,1,0,1,,K24 9,,40,100,-68.24726136,44.14748454
197,1,2904,2904,BR-140,40,200,N-29,200,2500,N27,N27,25,2,312.5,,N27 18,78,N27,18,2022-06-18,EG/LS,6,3,3,12,,N27 18,,40,100,-68.24553047,44.14594257
198,2,2937,2937,AZ-100,40,200,J-21,200,2500,J19,J19,2,2,25,,J19 20,264,J19,20,2022-07-08,EG/LS,1,0,1,2,,J19 20,,40,100,-68.24773518,44.14955841
199,2,3013,3013,AY-77,40,200,J-16,200,2500,J14,J14,1,2,12.5,,J15 4,457,J15,4,2022-07-25,EG/LS/JM,0,1,0,1,,J15 4,,40,100,-68.24783391,44.15162981
200,1,3048,3048,AT-140,40,200,I-29,200,2500,I27,I27,12,2,150,,I27 19,359,I27,19,2022-07-16,EG/LS,7,0,1,8,1 death,I27 19,,40,100,-68.24853106,44.14596234
201,2,3068,3068,AN-142,40,200,H-30,200,2500,H28,H28,0,2,0,,H28 3,364,H28,3,2022-07-16,EG/LS,0,0,0,0,,H28 3,,40,100,-68.24928349,44.14578723
202,1,3070,3070,BC-15,40,200,K-4,200,2500,K02,K02,7,2,87.5,,K02 18,604,K02,18,2022-08-15,EG/LS,0,2,4,6,,K02 18,,40,100,-68.24726281,44.15720805
203,4,3072,3072,BO-27,40,200, ,200,2500,M05,M05,26,2,325,,M05 5,637,M05,5,2022-08-18,EG/LS/HA,10,3,5,18,,M05 5,,40,100,-68.24577599,44.15611786
204,2,3073,3073,AV-114,40,200,J-24,200,2500,J22,J22,0,2,0,,J22 11,28,J22,11,2022-06-12,LS,0,0,0,0,,J22 11,,40,100,-68.2482513,44.14830135
205,4,3078,3078,BK-27,40,200, ,200,2500,M05,M05,26,2,325,,M05 1,633,M05,1,2022-08-18,EG/LS/HA,15,4,4,23,,M05 1,,40,100,-68.24627618,44.15612116
206,2,3097,3097,AO-42,40,200,H07,200,2500,H07,H07,3,2,37.5,,H08 4,167,H08,4,2022-06-25,EG/LS/JM,0,1,0,1,,H08 4,,40,100,-68.24904432,44.1547889
207,4,3119,3119,BZ-171,40,200,P-35,200,2500,P33,P33,0,2,0,,P33 21,544,P33,21,2022-08-12,EG/LS,0,0,0,0,,P33 21,,40,100,-68.24456586,44.14314518
208,2,3127,3127,BF-13,40,200,L-4,200,2500,L02,L02,10,2,125,,L02 6,606,L02,6,2022-08-15,EG/LS,0,0,2,2,,L02 6,,40,100,-68.24688538,44.15738563
209,2,3129,3129,BP-130,40,200,N-27,200,2500,N25,N25,41,2,512.5,,N25 16,673,N25,16,2022-08-19,EG/LS/HA,3,0,3,6,,N25 16,,40,100,-68.24576905,44.14684447
210,2,3174,3174,AQ-148,40,200,I-31,200,2500,I29,I29,0,2,0,,I29 6,356,I29,6,2022-07-16,EG/LS,0,0,0,0,,I29 6,,40,100,-68.24891527,44.14524461
211,4,3188,3188,BT-157,40,200,N-32,200,2500,N30,N30,36,2,450,,N31 5,87,N31,5,2022-06-18,EG/LS,0,0,0,0,,N31 5,,40,100,-68.24529992,44.14441049
212,1,3191,3191,BI-49,40,200,L-11,200,2500,L09,L09,0,2,0,,L09 14,157,L09,14,2022-06-25,EG/LS/JM,0,0,0,0,,L09 14,,36.88799245,85.13925187,-68.24655937,44.15414633
213,4,3194,3194,BP-131,40,200,N-28,200,2500,N26,N26,22,2,275,,N25 21,678,N25,21,2022-08-19,EG/LS/HA,3,1,2,6,,N25 21,,40,100,-68.2457702,44.14675444
214,2,3196,3196,AP-130,40,200,I-27,200,2500,I25,I25,2,2,25,,H25 20,299,H25,20,2022-07-10,EG/LS,4,2,0,6,,H25 20,,40,100,-68.24901974,44.14686588
215,2,3220,3220,BM-137,40,200,M-29,200,2500,M27,M27,15,2,187.5,,M27 3,77,M27,3,2022-06-18,EG/LS,5,1,3,9,,M27 3,,40,100,-68.24615215,44.14621677
216,2,3246,3246,R-80,40,200,C-17,214.0392881,2148.740396,C15,D15,5,2,62.5,,D15 16,498,D15,16,2022-07-30,EG/LS,0,4,1,5,1 death,D15 16,,40,100,-68.25196353,44.15138682
217,4,3262,3262,AZ-141,40,200,K-30,200,2500,K28,K28,17,2,212.5,,J27 25,220,J27,25,2022-06-29,EG/LS/JM,5,3,6,14,,J27 25,,40,100,-68.24778205,44.14586738
218,1,3266,3266,BX-175,40,200,O-36,200,2500,O34,O34,4,2,50,,O34 19,532,O34,19,2022-08-11,EG/LS,0,0,0,0,,O34 19,,40,100,-68.24482049,44.14278674
219,4,3308,3308,BE-86,40,200,L-18,201.78186,2381.526105,L16,L16,15,2,187.5,,K16 25,154,K16,25,2022-06-24,EG/LS/AP,4,1,0,5,,K16 25,,40,100,-68.24709399,44.15081464
220,2,3368,3368,AY-171,40,200,J-35,200,2500,J33,J33,0,2,0,,J33 24,563,J33,24,2022-08-13,EG/LS,0,0,0,0,,J33 24,,40,100,-68.24794137,44.14316745
221,4,3374,3374,BU-151,40,200,N-32,200,2500,N30,N30,36,2,450,,O29 21,9,O29,21,2022-06-11,LS,0,1,0,1,,O29 21,,40,100,-68.24516801,44.14494981
222,2,3376,3376,BR-127,40,200,N-26,200,2500,N24,N24,44,2,550,,N25 3,660,N25,3,2022-08-19,EG/LS/HA,2,1,2,5,,N25 3,,40,100,-68.24551556,44.14711289
223,4,3420,3420,AF-22,40,200,F-5,193.3123475,1727.215557,F03,G03,0,2,0,,F04 5,584,F04,5,2022-08-15,EG/LS,0,0,0,0,,F04 5,,40,100,-68.25014691,44.1565968
224,1,3434,3434,AX-38,40,200,J07,200,2500,J07,J07,9,2,112.5,,J07 8,180,J07,8,2022-06-25,EG/LS,0,1,0,1,,J07 8,,40,100,-68.24791436,44.1551416
225,2,3446,3446,BG-142,40,200,L-30,200,2500,L28,L28,6,2,75,,L28 2,45,L28,2,2022-06-16,EG/LS,0,1,0,1,,L28 2,,40,100,-68.24690803,44.14577159
226,1,3476,3476,BC-90,40,200,K-19,200,2500,K17,K17,6,2,75,,K17 18,136,K17,18,2022-06-24,EG/LS/AP,0,5,1,6,,K17 18,,40,100,-68.24734864,44.15045619
227,4,3495,3495,BA-116,40,200,K-24,200,2500,K22,K22,1,2,12.5,,K22 21,27,K22,21,2022-06-12,EG,0,0,0,0,,K22 21,,40,100,-68.24762844,44.14811718
228,4,3522,3522,BE-106,40,200,K-22,200,2500,K20,K20,1,2,12.5,,K20 25,257,K20,25,2022-07-08,EG/LS,0,0,1,1,,K20 25,,40,100,-68.24711688,44.14901414
229,2,3524,3524,BP-184,40,200,M-38,200,2500,M36,M36,0,2,0,,N36 11,518,N36,11,2022-08-11,EG/LS,0,0,0,0,,N36 11,,22.12800794,10.94814286,-68.24584377,44.14202261
230,1,3532,3532,BL-20,40,200,M-5,200,2500,M03,M03,23,2,287.5,,M03 17,447,M03,17,2022-07-24,EG/LS/WH,7,4,6,17,,M03 17,,40,100,-68.24614311,44.15675051
231,1,3534,3534,AM-154,40,200,H-32,200,2500,H30,H30,0,2,0,,H30 12,582,H30,12,2022-08-13,EG/LS,0,0,0,0,,H30 12,,40,100,-68.2494222,44.14470775
232,4,3570,3570,BT-127,40,200,N-26,200,2500,N24,N24,44,2,550,,N25 5,107,N25,5,2022-06-22,EG/LS,8,6,4,18,,N25 5,,40,100,-68.24526551,44.14711124
233,1,3575,3575,AT-119,40,200,I-25,200,2500,I23,I23,0,2,0,,I23 14,308,I23,14,2022-07-10,EG/LS,0,0,0,0,,I23 14,,40,100,-68.24850707,44.14785287
234,2,3587,3587,BT-129,40,200,O-27,200,2500,O25,O25,29,2,362.5,,N25 15,672,N25,15,2022-08-19,EG/LS/HA,6,2,6,14,,N25 15,,40,100,-68.2452678,44.14693119
235,4,3618,3618,BP-117,40,200,M-25,200,2500,M23,M23,16,2,200,,N23 1,188,N23,1,2022-06-26,EG/LS,4,1,3,8,,N23 1,,40,100,-68.24575415,44.14801479
236,2,3644,3644,AL-90,40,200,G-19,200,2500,G17,G17,0,2,0,,H17 16,142,H17,16,2022-06-24,EG/LS/AP,0,0,0,0,,H17 16,,40,100,-68.24947422,44.15047017
237,1,3645,3645,AC-89,40,200,F-19,200,2500,F17,F17,0,2,0,,F17 12,279,F17,12,2022-07-09,EG/LS,0,0,0,0,1 death,F17 12,,40,100,-68.25059839,44.15056758
238,4,3646,3646,Q-97,40,200,D-20,200,2500,D18,D18,0,2,0,,C19 5,294,C19,5,2022-07-09,EG/LS/JM,0,0,0,0,,C19 5,,32.51500884,60.65678918,-68.25208424,44.14986124
239,2,3653,3653,BA-164,40,200,J-34,200,2500,J32,J32,2,2,25,,K32 11,19,K32,11,2022-06-11,EG,0,0,0,0,,K32 11,,40,100,-68.24768333,44.14379598
240,2,3658,3658,AA-104,40,200,E-22,200,2500,E20,E20,3,2,37.5,,E20 15,288,E20,15,2022-07-09,EG/LS/JM,0,1,0,1,1 death,E20 15,,40,100,-68.25086554,44.14921885
241,1,3659,3659,BM-30,40,200, ,200,2500,M05,M05,26,2,325,,M05 18,650,M05,18,2022-08-18,EG/LS/HA,6,2,4,12,1 death,M05 18,,40,100,-68.24602952,44.15584944
242,2,3665,3665,BO-133,40,200,N-28,200,2500,N26,N26,22,2,275,,M26 10,94,M26,10,2022-06-22,EG/LS,2,0,1,3,1 pair wings,M26 10,,40,100,-68.24589752,44.14657522
243,2,3700,3700,BC-96,40,200,K-21,200,2500,K19,K19,1,2,12.5,,K18 23,261,K18,23,2022-07-08,EG/LS,1,2,4,7,,K18 23,,40,100,-68.2473555,44.14991604
244,2,3702,3702,AZ-65,40,200,K-14,200,2500,K12,J12,0,2,0,,J12 20,462,J12,20,2022-07-25,EG/LS/JM,0,0,0,0,,J12 20,,40,100,-68.24769515,44.15270928
245,4,3719,3719,AZ-47,40,200,J-11,200,2500,J09,J09,27,2,337.5,,J09 5,161,J09,5,2022-06-25,EG/LS/JM,0,2,1,3,,J09 5,,40,100,-68.24767456,44.15432973
246,1,3741,3741,BX-30,40,200,O-7,200,2500,O05,O05,17,2,212.5,,O05 19,415,O05,19,2022-07-22,EG/LS,2,2,3,7,,O05 19,,40,100,-68.24465402,44.15584035
247,2,3765,3765,BL-27,40,200, ,200,2500,M05,M05,26,2,325,,M05 2,634,M05,2,2022-08-18,EG/LS/HA,0,1,1,2,,M05 2,,40,100,-68.24615113,44.15612033
248,2,3770,3770,BL-186,40,200,M-39,200,2500,M37,M36,0,2,0,,M36 22,516,M36,22,2022-08-11,EG/LS,0,0,0,0,,M36 22,,4.242572091,0.701134644,-68.24638858,44.14184913
249,1,3782,3782,BD-173,40,200,K-36,200,2500,K34,K34,0,2,0,,K34 9,558,K34,9,2022-08-13,EG/LS,0,0,0,0,,K34 9,,40,100,-68.24731856,44.14298329
250,2,3789,3789,BF-114,40,200,K-24,200,2500,K22,K22,1,2,12.5,,L22 11,126,L22,11,2022-06-23,EG/LS,0,1,0,1,,L22 11,,40,100,-68.24700101,44.14829312
251,2,3794,3794,AP-140,40,200,H-29,200,2500,H27,H27,0,2,0,,H27 20,361,H27,20,2022-07-16,EG/LS,0,0,0,0,otter shellfish leavings?,H27 20,,40,100,-68.24903116,44.14596563
252,2,3828,3828,BT-165,40,200,O-34,200,2500,O32,O32,0,2,0,,N32 20,525,N32,20,2022-08-11,EG/LS,2,1,0,3,,N32 20,,40,100,-68.24530909,44.14369029
253,4,3842,3842,BK-117,40,200,L-25,200,2500,L23,L23,3,2,37.5,,M23 1,130,M23,1,2022-06-23,EG,5,3,1,9,,M23 1,,40,100,-68.24637929,44.14801892
254,4,3843,3843,V-51,40,200,D-11,200,2500,D09,D09,0,2,0,,D09 25,614,D09,25,2022-08-16,EG/LS,0,0,0,0,,D09 25,,40,100,-68.25143039,44.15399427
255,2,3865,3865,AP-69,40,200,H-15,200,2500,H13,H13,6,2,75,,H13 15,476,H13,15,2022-07-28,EG/LS/AP,0,3,0,3,,H13 15,,40,100,-68.24895011,44.15235741
256,4,3874,3874,BU-171,40,200,O-36,200,2500,O34,O34,4,2,50,,O33 21,529,O33,21,2022-08-11,EG/LS,1,0,0,1,,O33 21,,40,100,-68.24519096,44.14314931
257,2,3882,3882,BM-142,40,200,M-29,200,2500,M27,M27,15,2,187.5,,M28 3,685,M28,3,2022-08-20,EG/LS/HA,3,1,1,5,,M28 3,,40,100,-68.24615788,44.14576664
258,2,3884,3884,AT-172,40,200,I-35,200,2500,I33,I33,0,2,0,,I34 4,575,I34,4,2022-08-13,EG/LS,0,0,0,0,,I34 4,,40,100,-68.24856761,44.14308154
259,1,3888,3888,AO-19,40,200,H-5,200,2500,H03,H03,0,2,0,,H03 14,436,H03,14,2022-07-24,EG/LS/WH,0,0,0,0,,H03 14,,40,100,-68.24901806,44.15685948
260,2,3892,3892,AW-162,40,200,J-34,200,2500,J32,J32,2,2,25,,J32 2,566,J32,2,2022-08-13,EG/LS,0,2,0,2,,J32 2,,40,100,-68.24818112,44.14397933
261,1,3969,3969,AE-44,40,200,F-10,200,2500,F08,F08,0,2,0,,F08 14,58,F08,14,2022-06-17,LS,0,0,0,0,,F08 14,,40,100,-68.25029703,44.15461707
262,1,3995,3995,AN-160,40,200,H-33,200,2500,H31,H31,0,2,0,,H31 18,580,H31,18,2022-08-13,EG/LS,0,0,0,0,,H31 18,,40,100,-68.24930403,44.14416678
263,1,4002,4002,BL-44,40,200,M-10,200,2500,M08,M08,0,2,0,,M08 12,394,M08,12,2022-07-21,EG/LS,0,0,0,0,,M08 12,,40,100,-68.24617062,44.15458991
264,2,4009,4009,P-46,40,200,C-11,200,2500,C09,C09,0,2,0,,C08 24,620,C08,24,2022-08-16,EG/LS,0,0,0,0,,C08 24,,40,100,-68.25217495,44.15444931
265,2,4023,4023,P-91,40,200,C-19,200.5961362,2499.482176,C17,C17,7,2,87.5,,C17 24,504,C17,24,2022-07-30,EG/LS,2,2,3,7,2 deaths,C17 24,,40,100,-68.25222611,44.15039819
266,4,4026,4026,AL-101,40,200,G-22,200,2500,G20,G20,7,2,87.5,,H19 21,202,H19,21,2022-06-28,EG/LS,0,0,0,0,,H19 21,,40,100,-68.24948677,44.1494799
267,2,4033,4033,BY-143,40,200,O-30,200,2500,O30,O30,4,2,50,,O28 10,82,O28,10,2022-06-18,EG/LS,3,0,4,7,,O28 10,,40,100,-68.24465874,44.14566671
268,1,4035,4035,AO-25,40,200,H-6,200,2500,H04,H04,0,2,0,,H04 19,435,H04,19,2022-07-24,EG/LS/WH,0,0,0,0,,H04 19,,40,100,-68.24902491,44.15631933
269,2,4073,4073,BU-128,40,200,O-27,200,2500,O25,O25,29,2,362.5,,O25 6,104,O25,6,2022-06-22,EG/LS,8,4,7,19,2 wings,O25 6,,40,100,-68.24514163,44.14702039
270,1,4074,4074,BG-94,40,200,L-20,200,2500,L18,L18,0,2,0,,L18 12,255,L18,12,2022-07-07,EG/LS/JM,0,0,0,0,,L18 12,,40,100,-68.24685308,44.15009279
271,2,4086,4086,AP-104,40,200,I-22,200,2500,I20,I20,2,2,25,,H20 15,204,H20,15,2022-06-28,EG/LS,0,0,0,0,,H20 15,,40,100,-68.24899006,44.14920653
272,2,4095,4095,BB-97,40,200,K-21,200,2500,K19,K19,1,2,12.5,,K19 2,258,K19,2,2022-07-08,EG/LS,0,1,0,1,,K19 2,,40,100,-68.24748168,44.14982684
273,2,4114,4114,S-41,40,200,D07,200,2500,D07,D07,0,2,0,,D07 22,623,D07,22,2022-08-16,EG/LS,0,0,0,0,,D07 22,,40,100,-68.25179414,44.15489698
274,2,4139,4139,V-88,40,200,D-19,200,2500,D17,D17,0,2,0,,D17 10,495,D17,10,2022-07-30,EG/LS,0,0,0,0,1 death,D17 10,,40,100,-68.25147249,44.15066335
275,1,4157,4157,AD-94,40,200,F-20,200,2500,F18,F18,0,2,0,,F18 13,278,F18,13,2022-07-09,EG/LS,0,0,0,0,1 death,F18 13,,40,100,-68.25047905,44.15011664
276,4,4161,4161,AL-56,40,200,G-13,200,2500,G11,G10,0,2,0,,H10 21,242,H10,21,2022-07-05,EG/LS,0,0,0,0,,H10 21,,40,100,-68.24943543,44.15353102
277,1,4167,4167,AM-45,40,200,H-10,200,2500,H08,H08,1,2,12.5,,H08 17,166,H08,17,2022-06-25,EG/LS/JM,0,0,0,0,,H08 17,,40,100,-68.24929783,44.15452047
278,4,4176,4176,AG-101,40,200,G-22,200,2500,G20,G20,7,2,87.5,,G19 21,213,G19,21,2022-06-28,EG/LS,1,1,0,2,1 wing,G19 21,,40,100,-68.25011193,44.149484
279,2,4247,4247,Y-47,40,200,E-10,200,2500,E08,E08,0,2,0,,E09 3,63,E09,3,2022-06-17,EG,0,0,0,0,,E09 3,,40,100,-68.25105071,44.15435191
280,2,4256,4256,AV-124,40,200,J-26,200,2500,J24,J24,3,2,37.5,,J24 11,115,J24,11,2022-06-23,EG/LS/JM,0,0,0,0,,J24 11,,40,100,-68.24826273,44.1474011
281,1,4258,4258,AY-30,40,200,J-7,200,2500,J05,J05,2,2,25,,J05 19,334,J05,19,2022-07-13,EG/LS,0,0,0,0,,J05 19,,40,100,-68.24778016,44.15586098
282,4,4275,4275,BP-106,40,200,M-23,200,2500,M21,M21,4,2,50,,N20 21,230,N20,21,2022-07-04,EG/LS,0,2,3,5,,N20 21,,21.44998133,22.70465014,-68.24577703,44.14898121
283,1,4277,4277,BL-178,40,200,M-37,200,2500,M35,M35,0,2,0,,M35 7,513,M35,7,2022-08-11,EG/LS,0,0,0,0,,M35 7,,40,100,-68.24632414,44.14252657
284,2,4314,4314,BN-142,40,200,M-29,200,2500,M27,M27,15,2,187.5,,M28 4,686,M28,4,2022-08-20,EG/LS/HA,1,0,0,1,,M28 4,,40,100,-68.24603286,44.14576582
285,2,4319,4319,BB-101,40,200,K-21,200,2500,K19,K19,1,2,12.5,,K19 22,259,K19,22,2022-07-08,EG/LS,0,0,0,0,,K19 22,,40,100,-68.24748625,44.14946674
286,1,4320,4320,X-78,40,200,E-17,200,2500,E15,E15,2,2,25,,E15 7,484,E15,7,2022-07-30,EG/LS,0,0,0,0,,E15 7,,40,100,-68.25121104,44.15156196
287,1,4338,4338,X-98,40,200,E-21,200,2500,E19,E19,2,2,25,,E19 7,291,E19,7,2022-07-09,EG/LS/JM,0,0,0,0,,E19 7,,40,100,-68.25123381,44.14976146
288,2,4344,4344,BJ-88,40,200,M-19,201.4748572,2226.797993,M17,L17,0,2,0,,L17 10,237,L17,10,2022-07-04,EG/LS,0,0,0,0,,L17 10,,17.25071192,7.223820038,-68.24652674,44.15061163
289,2,4360,4360,AP-70,40,200,H-15,200,2500,H13,H13,6,2,75,,H13 20,477,H13,20,2022-07-28,EG/LS/AP,1,0,2,3,,H13 20,,40,100,-68.24895125,44.15226738
290,2,4376,4376,AU-78,40,200,I-17,200,2500,I15,I15,7,2,87.5,,I15 10,471,I15,10,2022-07-28,EG/LS/AP,0,3,2,5,1 death,I15 10,,40,100,-68.2483352,44.15154307
291,2,4385,4385,AA-74,40,200,E-16,200,2500,E14,E14,0,2,0,,E14 15,483,E14,15,2022-07-30,EG/LS,0,0,0,0,,E14 15,,40,100,-68.25083138,44.1519196
292,1,4390,4390,BB-88,40,200,K-19,200,2500,K17,K17,6,2,75,,K17 7,137,K17,7,2022-06-24,EG/LS/AP,0,0,0,0,,K17 7,,40,100,-68.24747138,44.15063706
293,1,4429,4429,AS-43,40,200,I-10,200,2500,I08,I08,0,2,0,,I08 8,169,I08,8,2022-06-25,EG/LS/JM,0,0,0,0,,I08 8,,40,100,-68.24854529,44.15469559
294,1,4437,4437,AW-155,40,200,J-32,200,2500,J30,J30,0,2,0,,J30 17,226,J30,17,2022-06-29,EG/LS,0,0,0,0,,J30 17,,40,100,-68.24817313,44.1446095
295,4,4467,4467,BE-161,40,200,L-33,200,2500,L31,L31,1,2,12.5,,K31 25,35,K31,25,2022-06-16,LS,0,0,0,0,,K31 25,,40,100,-68.24717982,44.14406276
296,1,4470,4470,AX-109,40,200,J-23,200,2500,J21,J21,13,2,162.5,,J21 13,31,J21,13,2022-06-12,LS,4,3,1,8,,J21 13,,40,100,-68.24799553,44.14874983
297,2,4476,4476,AV-74,40,200,J-16,200,2500,J14,J14,1,2,12.5,,J14 11,458,J14,11,2022-07-25,EG/LS/JM,0,0,0,0,,J14 11,,40,100,-68.24820559,44.15190235
298,2,4491,4491,BO-143,40,200,N-30,200,2500,N28,N28,21,2,262.5,,M28 10,74,M28,10,2022-06-18,EG/LS,3,0,2,5,1 pair wings,M28 10,,40,100,-68.24590898,44.14567497
299,2,4510,4510,BG-92,40,200,L-20,200,2500,L18,L18,0,2,0,,L18 2,254,L18,2,2022-07-07,EG/LS/JM,0,0,0,0,,L18 2,,40,100,-68.24685079,44.15027284
300,1,4519,4519,AO-28,40,200,H-7,200,2500,H05,H05,0,2,0,,H05 9,338,H05,9,2022-07-13,EG/LS,0,0,0,0,,H05 9,,40,100,-68.24902834,44.15604925
301,2,4521,4521,AU-109,40,200,J-23,200,2500,J21,J21,13,2,162.5,,I21 15,192,I21,15,2022-06-28,EG/LS,0,0,0,0,,I21 15,,40,100,-68.24837062,44.1487523
302,2,4525,4525,AU-35,40,200,J06,200,2500,J06,J06,0,2,0,,I06 15,322,I06,15,2022-07-12,EG/LS,0,0,0,0,,I06 15,,40,100,-68.24828606,44.15541414
303,4,4580,4580,BO-142,40,200,N-29,200,2500,N27,N27,25,2,312.5,,M28 5,687,M28,5,2022-08-20,EG/LS/HA,0,0,0,0,,M28 5,,40,100,-68.24590783,44.14576499
304,2,4628,4628,AB-110,40,200,E-23,200,2500,E21,E21,0,2,0,,F21 16,271,F21,16,2022-07-09,EG/LS,0,0,0,0,,F21 16,,40,100,-68.25074734,44.14867788
305,2,4673,4673,AR-92,40,200,I-20,200,2500,I18,I18,4,2,50,,I18 2,198,I18,2,2022-06-28,EG/LS,0,1,2,3,,I18 2,,40,100,-68.2487263,44.15028519
306,2,4692,4692,BO-145,40,200,N-30,200,2500,N28,N28,21,2,262.5,,M28 20,702,M28,20,2022-08-20,EG/LS/HA,1,0,3,4,,M28 20,,40,100,-68.24591127,44.14549492
307,2,4713,4713,N-37,40,200,C-8,203.7994055,2186.274739,C06,C06,0,2,0,,C07 2,625,C07,2,2022-08-16,EG/LS,0,0,0,0,,C07 2,,40,100,-68.25241481,44.15526117
308,1,4731,4731,AS-24,40,200,I-6,200,2500,I04,I04,0,2,0,,I04 13,432,I04,13,2022-07-24,EG/LS/WH,0,0,0,0,,I04 13,,40,100,-68.24852358,44.15640606
309,2,4748,4748,AU-73,40,200,J-16,200,2500,J14,J14,1,2,12.5,,I14 10,468,I14,10,2022-07-28,EG/LS/AP,0,2,0,2,,I14 10,,40,100,-68.24832949,44.1519932
310,2,4750,4750,AP-93,40,200,H-20,200,2500,H18,H18,3,2,37.5,,H18 10,200,H18,10,2022-06-28,EG/LS,0,1,0,1,,H18 10,,40,100,-68.24897751,44.15019681
311,2,4752,4752,BU-29,40,200,N-7,200,2500,N05,N05,16,2,200,,O05 11,414,O05,11,2022-07-22,EG/LS,7,2,1,10,,O05 11,,40,100,-68.24502801,44.15593285
312,2,4758,4758,BL-157,40,200,M-33,200,2500,M31,M31,12,2,150,exact count,M31 2,84,M31,2,2022-06-18,EG/LS,2,2,1,5,,M31 2,,40,100,-68.24630009,44.14441709
313,2,4780,4780,BQ-122,40,200,N-26,200,2500,N24,N24,44,2,550,,N24 2,186,N24,2,2022-06-26,EG/LS,4,3,3,10,1 wing,N24 2,,40,100,-68.24563485,44.14756384
314,4,4785,4785,BF-17,40,200,L-4,200,2500,L02,L02,10,2,125,,L03 1,444,L03,1,2022-07-24,EG/LS/WH,7,3,4,14,3 deaths,L03 1,,40,100,-68.24688996,44.15702553
315,1,4791,4791,AD-104,40,200,F-22,200,2500,F20,F20,12,2,150,,F20 13,274,F20,13,2022-07-09,EG/LS,1,1,3,5,1 death,F20 13,,40,100,-68.25049044,44.14921639
316,4,4818,4818,AG-82,40,200,F16,200,2500,F16,F16,0,2,0,,G16 1,146,G16,1,2022-06-24,EG/LS/AP,0,0,0,0,1 pair wings,G16 1,,40,100,-68.25009027,44.15119448
317,4,4847,4847,AV-136,40,200,I-28,200,2500,I26,I26,10,2,125,,J26 21,219,J26,21,2022-06-29,EG/LS/JM,2,2,2,6,,J26 21,,40,100,-68.24827644,44.1463208
318,4,4882,4882,AQ-132,40,200,I-28,200,2500,I26,I26,10,2,125,,I26 1,296,I26,1,2022-07-10,EG/LS,0,0,0,0,,I26 1,,40,100,-68.248897,44.14668501
319,2,4899,4899,BK-103,40,200,M-22,200,2500,M20,M20,2,2,25,,M20 6,135,M20,6,2022-06-24,EG/LS/AP,0,0,0,0,,M20 6,,40,100,-68.24636326,44.14927927
320,2,4907,4907,BD-81,40,200,K-18,200,2500,K16,K16,9,2,112.5,,K15 24,454,K15,24,2022-07-25,EG/LS/JM,0,0,0,0,1 death,K15 24,,40,100,-68.2472133,44.15126559
321,4,4918,4918,BK-142,40,200,L-30,200,2500,L28,L28,6,2,75,,M28 1,683,M28,1,2022-08-20,EG/LS/HA,3,2,2,7,,M28 1,,40,100,-68.24640793,44.14576829
322,2,4924,4924,BG-147,40,200,L-30,200,2500,L28,L28,6,2,75,,L29 2,43,L29,2,2022-06-16,LS,0,0,0,0,,L29 2,,40,100,-68.24691375,44.14532147
323,2,4955,4955,BQ-32,40,200,N-7,200,2500,N05,N05,16,2,200,,N06 2,404,N06,2,2022-07-21,EG/LS,2,2,1,5,1 death,N06 2,,40,100,-68.24553164,44.15566608
324,2,4980,4980,AS-162,40,200,I-34,200,2500,I32,I32,0,2,0,,I32 3,572,I32,3,2022-08-13,EG/LS,0,0,0,0,,I32 3,,40,100,-68.24868121,44.14398262
325,2,4999,4999,BE-138,40,200,L-29,200,2500,L27,L27,2,2,25,,K27 10,101,K27,10,2022-06-22,LS,0,0,0,0,,K27 10,,40,100,-68.2471535,44.14613334
326,2,5000,5000,CD-165,40,200,Q-34,213.944149,2168.581897,Q32,P32,0,2,0,,P32 20,542,P32,20,2022-08-12,EG/LS,0,0,0,0,,P32 20,,33.2779279,62.68197124,-68.24408004,44.14367597
327,2,5053,5053,BE-50,40,200,K-11,200,2500,K09,K09,0,2,0,,K09 20,158,K09,20,2022-06-25,EG/LS/JM,0,0,0,0,,K09 20,,40,100,-68.24705278,44.15405554
328,2,5057,5057,BA-163,40,200,J-34,200,2500,J32,J32,2,2,25,,K32 6,18,K32,6,2022-06-11,LS,0,0,1,1,1 HERG nest,K32 6,,40,100,-68.24768218,44.14388601
329,2,5113,5113,AF-108,40,200,F-23,200,2500,F21,F21,0,2,0,,F21 10,272,F21,10,2022-07-09,EG/LS,0,0,0,0,,F21 10,,40,100,-68.25024494,44.14885465
330,2,5129,5129,BK-144,40,200,L-30,200,2500,L28,L28,6,2,75,,M28 11,693,M28,11,2022-08-20,EG/LS/HA,1,2,0,3,,M28 11,,40,100,-68.24641022,44.14558824
331,2,5142,5142,BI-137,40,200,L-28,200,2500,L26,L26,0,2,0,,L27 4,99,L27,4,2022-06-22,EG/LS,0,2,0,2,,L27 4,,40,100,-68.24665225,44.14622007
332,4,5144,5144,BO-31,40,200, ,200,2500,M05,M05,26,2,325,,M05 25,400,M05,25,2022-07-21,EG/LS,1,1,1,3,2 deaths,M05 25,,40,100,-68.24578058,44.15575776
333,2,5150,5150,BP-129,40,200,N-27,200,2500,N25,N25,41,2,512.5,,N25 11,668,N25,11,2022-08-19,EG/LS/HA,6,0,2,8,,N25 11,,40,100,-68.24576791,44.14693449
334,2,5218,5218,BK-29,40,200, ,200,2500,M05,M05,26,2,325,,M05 11,643,M05,11,2022-08-18,EG/LS/HA,12,1,2,15,,M05 11,,40,100,-68.24627847,44.15594111
335,4,5234,5234,AK-81,40,200,G-17,200,2500,G15,G15,1,2,12.5,,G15 25,478,G15,25,2022-07-28,EG/LS/AP,0,0,1,1,,G15 25,,40,100,-68.24958899,44.15128122
336,2,5260,5260,BT-145,40,200,O-30,200,2500,O30,O30,4,2,50,,N28 20,80,N28,20,2022-06-18,EG/LS,14,2,5,21,,N28 20,,40,100,-68.24528615,44.14549079
337,2,5294,5294,BW-131,40,200,O-28,200,2500,O26,O26,23,2,287.5,,O25 23,105,O25,23,2022-06-22,EG/LS,6,1,3,10,,O25 23,,40,100,-68.24489502,44.14674866
338,2,5298,5298,BF-24,40,200,L-6,200,2500,L04,L04,17,2,212.5,,L04 11,426,L04,11,2022-07-24,EG/LS/WH,9,1,7,17,1 death,L04 11,,40,100,-68.24689797,44.15639536
339,1,5305,5305,AI-43,40,200,G-10,200,2500,G08,G08,0,2,0,,G08 8,53,G08,8,2022-06-17,EG,0,0,0,0,,G08 8,,40,100,-68.24979572,44.15470381
340,2,5312,5312,AA-108,40,200,E-23,200,2500,E21,E21,0,2,0,,E21 10,284,E21,10,2022-07-09,EG/LS/JM,0,0,0,0,,E21 10,,40,100,-68.25087009,44.14885875
341,2,5317,5317,AZ-43,40,200,J-10,200,2500,J08,J08,0,2,0,,J08 10,171,J08,10,2022-06-25,EG/LS/JM,0,0,0,0,,J08 10,,40,100,-68.24766999,44.15468983
342,2,5347,5347,S-101,40,200,D-21,200,2500,D19,D19,16,2,200,,D19 22,293,D19,22,2022-07-09,EG/LS/JM,1,0,1,2,1 death,D19 22,,39.09178672,93.38218418,-68.25185987,44.14949821
343,4,5349,5349,AF-52,40,200,F-11,200,2500,F09,F09,0,2,0,,F10 5,246,F10,5,2022-07-05,EG/LS,0,0,0,0,,F10 5,,40,100,-68.25018111,44.15389605
344,1,5476,5476,BN-29,40,200, ,200,2500,M05,M05,26,2,325,,M05 14,646,M05,14,2022-08-18,EG/LS/HA,1,1,1,3,,M05 14,,40,100,-68.24590333,44.15593863
345,2,5496,5496,BN-31,40,200, ,200,2500,M05,M05,26,2,325,,M05 24,401,M05,24,2022-07-21,EG/LS,15,6,2,23,,M05 24,,40,100,-68.24590563,44.15575858
346,2,5499,5499,AT-41,40,200,I07,200,2500,I07,I07,1,2,12.5,,I07 24,183,I07,24,2022-06-25,EG/LS,0,1,0,1,,I07 24,,40,100,-68.24841796,44.15487482
347,4,5517,5517,AU-27,40,200,I-7,200,2500,I05,I05,0,2,0,,I05 5,337,I05,5,2022-07-13,EG/LS,0,0,0,0,,I05 5,,40,100,-68.24827692,44.15613434
348,1,5537,5537,BR-129,40,200,N-27,200,2500,N25,N25,41,2,512.5,,N25 13,670,N25,13,2022-08-19,EG/LS/HA,2,2,1,5,,N25 13,,40,100,-68.24551785,44.14693284
349,1,5541,5541,AX-35,40,200,J06,200,2500,J06,J06,0,2,0,,J06 18,325,J06,18,2022-07-12,EG/LS,0,0,0,0,,J06 18,,40,100,-68.24791093,44.15541167
350,1,5557,5557,BL-15,40,200,M-4,200,2500,M02,M02,39,2,487.5,,M02 17,607,M02,17,2022-08-15,EG/LS,16,3,2,21,,M02 17,,40,100,-68.24613738,44.15720063
351,2,5569,5569,BE-153,40,200,L-32,200,2500,L30,L30,4,2,50,,K30 10,39,K30,10,2022-06-16,EG,2,1,2,5,,K30 10,,40,100,-68.24717066,44.14478296
352,4,5582,5582,AU-157,40,200,J-33,200,2500,J31,J31,0,2,0,,I31 5,569,I31,5,2022-08-13,EG/LS,0,0,0,0,,I31 5,,40,100,-68.24842545,44.1444311
353,4,5583,5583,BP-147,40,200,N-31,200,2500,N29,N29,29,2,362.5,,N29 1,4,N29,1,2022-06-11,LS,7,3,1,11,,N29 1,,40,100,-68.24578854,44.14531404
354,4,5595,5595,AV-56,40,200,J-13,200,2500,J11,J10,0,2,0,,J10 21,239,J10,21,2022-07-05,EG/LS,0,0,0,0,blueberries!,J10 21,,40,100,-68.24818502,44.1535228
355,1,5629,5629,BB-39,40,200,K07,200,2500,K07,K07,7,2,87.5,,K07 12,179,K07,12,2022-06-25,EG/LS,3,1,2,6,,K07 12,,40,100,-68.24741532,44.15504828
356,2,5638,5638,AA-88,40,200,E-19,200,2500,E17,E17,0,2,0,,E17 10,488,E17,10,2022-07-30,EG/LS,0,0,0,0,1 death,E17 10,,40,100,-68.25084732,44.15065925
357,1,5659,5659,AH-40,40,200,G07,200,2500,G07,G07,0,2,0,,G07 17,55,G07,17,2022-06-17,LS,0,0,0,0,,G07 17,,40,100,-68.24991734,44.1549747
358,2,5662,5662,BD-181,40,200,K-38,230.9104984,2451.409691,K36,K35,9,2,112.5,,K35 24,555,K35,24,2022-08-13,EG/LS,0,0,0,0,,K35 24,,37.69831737,77.40824296,-68.24731644,44.14226905
359,4,5669,5669,BK-122,40,200,L-26,200,2500,L24,L24,12,2,150,,M24 1,133,M24,1,2022-06-23,LS,1,0,0,1,,M24 1,,40,100,-68.24638502,44.14756879
360,2,5720,5720,AU-143,40,200,J-30,200,2500,J28,J28,0,2,0,,I28 5,357,I28,5,2022-07-16,EG/LS,2,0,2,4,1 death,I28 5,,40,100,-68.24840946,44.14569145
361,1,5734,5734,BB-79,40,200,K-17,200,2500,K15,K15,1,2,12.5,,K15 12,455,K15,12,2022-07-25,EG/LS/JM,0,1,0,1,1 death,K15 12,,40,100,-68.24746109,44.15144728
362,1,5737,5737,AS-90,40,200,I-19,200,2500,I17,I17,0,2,0,,I17 18,140,I17,18,2022-06-24,EG/LS/AP,0,0,0,0,,I17 18,,40,100,-68.24859898,44.15046442
363,4,5770,5770,AQ-101,40,200,I-22,200,2500,I20,I20,2,2,25,,I19 21,196,I19,21,2022-06-28,EG/LS,0,3,1,4,,I19 21,,40,100,-68.24886161,44.14947579
364,4,5779,5779,V-82,40,200,D-18,200,2500,D16,D16,4,2,50,,D16 5,496,D16,5,2022-07-30,EG/LS,0,2,0,2,,D16 5,,40,100,-68.25146567,44.1512035
365,4,5784,5784,AZ-91,40,200,J-20,200,2500,J18,J18,1,2,12.5,,J17 25,138,J17,25,2022-06-24,EG/LS/AP,0,3,0,3,3 pairs wings,J17 25,,40,100,-68.24772488,44.15036863
366,4,5786,5786,CE-167,40,200,P-35,200,2500,P33,P33,0,2,0,,Q33 5,545,Q33,5,2022-08-12,EG/LS,0,0,0,0,,Q33 5,,26.3508751,32.1661833,-68.24397816,44.14349771
367,2,5828,5828,BN-182,40,200,M-37,200,2500,M35,M35,0,2,0,,M36 4,515,M36,4,2022-08-11,EG/LS,0,0,0,0,,M36 4,,40,100,-68.24607869,44.14216482
368,2,5855,5855,W-44,40,200,E-10,200,2500,E08,E08,0,2,0,,E08 11,64,E08,11,2022-06-17,EG/LS,0,0,0,0,,E08 11,,40,100,-68.25129738,44.15462363
369,2,5861,5861,AV-75,40,200,J-16,200,2500,J14,J14,1,2,12.5,,J14 16,459,J14,16,2022-07-25,EG/LS/JM,0,1,0,1,,J14 16,,40,100,-68.24820673,44.15181232
370,2,5881,5881,BQ-26,40,200,N-7,200,2500,N05,N05,16,2,200,,N04 22,421,N04,22,2022-07-22,EG/LS,3,0,1,4,1 death,N04 22,,40,100,-68.24552475,44.15620623
371,1,5913,5913,BI-99,40,200,L-21,200,2500,L19,L19,7,2,87.5,,L19 14,253,L19,14,2022-07-07,EG/LS/JM,0,2,0,2,1 wing,L19 14,,40,100,-68.24660874,44.14964102
372,4,5918,5918,AK-112,40,200,H-23,200,2500,H21,H21,0,2,0,,G22 5,314,G22,5,2022-07-10,EG/LS,0,0,0,0,,G22 5,,40,100,-68.24962435,44.14849044
373,1,5927,5927,AM-88,40,200,H-19,200,2500,H17,H17,0,2,0,,H17 7,143,H17,7,2022-06-24,EG/LS/AP,0,0,0,0,,H17 7,,40,100,-68.2493469,44.1506494
374,2,5928,5928,BA-145,40,200,K-30,200,2500,K28,K28,17,2,212.5,,K28 16,47,K28,16,2022-06-16,EG/LS,6,4,3,13,,K28 16,,40,100,-68.2476616,44.14550646
375,1,5935,5935,BC-30,40,200,K-7,200,2500,K05,K05,42,2,525,,K05 18,333,K05,18,2022-07-13,EG/LS,15,4,5,24,,K05 18,,40,100,-68.24727998,44.15585768
376,2,5956,5956,X-51,40,200,E-11,200,2500,E09,E09,0,2,0,,E09 22,62,E09,22,2022-06-17,LS,0,0,0,0,,E09 22,,40,100,-68.2511803,44.15399263
377,2,5958,5958,BH-136,40,200,L-28,200,2500,L26,L26,0,2,0,,L26 23,96,L26,23,2022-06-22,EG/LS,0,0,0,0,,L26 23,,40,100,-68.24677613,44.14631092
378,1,5967,5967,BR-130,40,200,N-27,200,2500,N25,N25,41,2,512.5,,N25 18,675,N25,18,2022-08-19,EG/LS/HA,1,0,0,1,,N25 18,,40,100,-68.245519,44.14684282
379,2,6010,6010,BE-30,40,200,K-7,200,2500,K05,K05,42,2,525,,K05 20,332,K05,20,2022-07-13,EG/LS,11,2,5,18,,K05 20,,40,100,-68.24702989,44.15585603
380,2,6038,6038,AX-16,40,200,J-5,200,2500,J03,J03,2,2,25,,J02 23,602,J02,23,2022-08-15,EG/LS,0,2,1,3,,J02 23,,40,100,-68.2478892,44.15712215
381,1,6072,6072,AI-53,40,200,G-12,200,2500,G10,G10,0,2,0,,G10 7,245,G10,7,2022-07-05,EG/LS,0,0,0,0,,G10 7,,40,100,-68.24980713,44.15380356
382,2,6084,6084,BP-164,40,200,M-34,200,2500,M32,M32,8,2,100,,N32 11,526,N32,11,2022-08-11,EG/LS,0,1,2,3,,N32 11,,40,100,-68.24580803,44.14378362
383,1,6123,6123,BR-128,40,200,N-27,200,2500,N25,N25,41,2,512.5,,N25 8,665,N25,8,2022-08-19,EG/LS/HA,1,2,2,5,,N25 8,,40,100,-68.24551671,44.14702287
384,2,6149,6149,BM-22,40,200,M-5,200,2500,M03,M03,23,2,287.5,,M04 3,424,M04,3,2022-07-24,EG/LS/WH,14,3,4,21,3 deaths,M04 3,,40,100,-68.24602035,44.15656963
385,1,6154,6154,BG-180,40,200,L-37,200,2500,L35,L35,5,2,62.5,,L35 17,552,L35,17,2022-08-13,EG/LS,2,0,3,5,,L35 17,,40,100,-68.24695152,44.14235064
386,2,6177,6177,BK-30,40,200, ,200,2500,M05,M05,26,2,325,,M05 16,648,M05,16,2022-08-18,EG/LS/HA,6,0,3,9,,M05 16,,40,100,-68.24627962,44.15585109
387,2,6202,6202,BL-151,40,200,M-32,200,2500,M30,M30,145,NA,145,exact count,M29 22,2,M29,22,2022-06-11,"EG, LS",2,1,0,3,,M29 22,,40,100,-68.24629322,44.14495724
388,2,6208,6208,X-56,40,200,E-13,200,2500,E11,E10,0,2,0,,E10 22,249,E10,22,2022-07-05,EG/LS,0,0,0,0,,E10 22,,40,100,-68.251186,44.15354251
389,1,6232,6232,BL-29,40,200, ,200,2500,M05,M05,26,2,325,,M05 12,644,M05,12,2022-08-18,EG/LS/HA,20,5,5,30,,M05 12,,40,100,-68.24615342,44.15594029
390,1,6234,6234,AX-168,40,200,J-35,200,2500,J33,J33,0,2,0,,J33 7,564,J33,7,2022-08-13,EG/LS,0,0,0,0,,J33 7,,40,100,-68.24806296,44.14343835
391,2,6240,6240,BT-159,40,200,N-33,200,2500,N31,N31,0,2,0,,N31 15,86,N31,15,2022-06-18,EG/LS,0,0,0,0,,N31 15,,40,100,-68.24530221,44.14423044
392,1,6243,6243,AS-68,40,200,I-15,200,2500,I13,I13,1,2,12.5,,I13 8,467,I13,8,2022-07-28,EG/LS/AP,0,0,0,0,,I13 8,STOPPED HERE,40,100,-68.24857385,44.15244497
393,1,6259,6259,AN-105,40,200,H-22,200,2500,H20,H20,5,2,62.5,,H20 18,205,H20,18,2022-06-28,EG/LS,1,2,2,5,,H20 18,,40,100,-68.24924127,44.14911815
394,1,6264,6264,AR-19,40,200,I-5,200,2500,I05,I05,0,2,0,,I03 12,439,I03,12,2022-07-24,EG/LS/WH,0,0,0,0,,I03 12,,40,100,-68.24864292,44.15685701
395,1,6273,6273,X-85,40,200,E-18,200,2500,E16,E16,0,2,0,,E16 17,487,E16,17,2022-07-30,EG/LS,0,0,0,0,,E16 17,,40,100,-68.25121901,44.15093178
396,1,6346,6346,BQ-10,40,200,N-3,200,2500,N01,N01,2,2,25,,N01 17,423,N01,17,2022-07-22,EG/LS,1,0,1,2,1 death,N01 17,,40,100,-68.2455064,44.15764663
397,1,6372,6372,BD-109,40,200,K-23,200,2500,K21,K21,8,2,100,,K21 14,24,K21,14,2022-06-12,LS,2,2,2,6,,K21 14,,40,100,-68.24724534,44.14874489
398,1,6384,6384,BD-145,40,200,K-30,200,2500,K28,K28,17,2,212.5,,K28 19,46,K28,19,2022-06-16,EG/LS,1,3,0,4,,K28 19,,40,100,-68.24728653,44.14550399
399,2,6391,6391,BF-165,40,200,L-34,200,2500,L32,L32,0,2,0,,L32 16,13,L32,16,2022-06-11,EG,0,0,0,0,,L32 16,,40,100,-68.24705937,44.14370184
400,2,6420,6420,BF-159,40,200,L-33,200,2500,L31,L31,1,2,12.5,,L31 16,32,L31,16,2022-06-12,LS,0,0,0,0,,L31 16,,40,100,-68.24705251,44.14424199
401,1,6433,6433,BB-119,40,200,K-25,200,2500,K23,K23,0,2,0,,K23 12,119,K23,12,2022-06-23,LS,0,0,0,0,,K23 12,,40,100,-68.24750684,44.14784629
402,2,6452,6452,AU-99,40,200,J-21,200,2500,J19,J19,2,2,25,,I19 15,197,I19,15,2022-06-28,EG/LS,0,1,0,1,,I19 15,,40,100,-68.24835919,44.14965255
403,1,6456,6456,BM-143,40,200,M-30,200,2500,M28,M28,13,2,162.5,,M28 8,690,M28,8,2022-08-20,EG/LS/HA,3,0,2,5,,M28 8,,40,100,-68.24615903,44.14567662
404,1,206,206,AR-155,40,200,I-32,200,2500,I30,I30,0,2,0,,I20 17,,,,,,,,,,,,,40,100,-68.24879823,44.14461361
405,4,899,899,BU-132,40,200,N-28,200,2500,N26,N26,22,2,275,,026 1,,,,,,,,,,,,,40,100,-68.24514622,44.14666029
406,2,1182,1182,AK-45,40,200,H-10,200,2500,H08,H08,1,2,12.5,,G08 20,,,,,,,,,,,,,40,100,-68.24954792,44.15452212
407,1,2493,2493,AI-69,40,200,G-15,200,2500,G13,,,,,,G13 13,,,,,,,,,,,,,40,100,-68.24982537,44.15236316
408,4,2853,2853,AK-71,40,200,H-15,200,2500,H13,H13,6,2,75,,G13 25,,,,,,,,,,,,,40,100,-68.24957758,44.15218147
409,2,3443,3443,S-81,40,200,D-18,200,2500,D16,D16,4,2,50,,D16 22,,,,,,,,,,,,,40,100,-68.25183964,44.15129598
410,2,3600,3600,BY-144,40,200,O-30,200,2500,O30,O30,4,2,50,,O28 15,,,,,,,,,,,,,40,100,-68.24465989,44.14557668
411,2,4844,4844,BK-158,40,200,M-33,200,2500,M31,M31,12,2,150,,M21 6,,,,,,,,,,,,,40,100,-68.24642626,44.14432789
412,2,6151,6151,AZ-178,40,200,J-37,202.2897441,2496.970372,J35,J35,0,2,0,,K35 10,,K35,10,,,,,,,,K35 10,,37.2239754,88.96200312,-68.24781839,44.14253968
413,2,6468,6468,BL-166,40,200,M-35,200,2500,M33,M33,0,2,0,,M32 22,507,M32,22,2022-08-11,EG/LS,0,0,0,0,,M32 22,,40,100,-68.2463104,44.14360687
414,4,6471,6471,BU-152,40,200,N-32,200,2500,N30,N30,36,2,450,,O30 1,10,O30,1,2022-06-11,EG,0,0,0,0,,O30 1,,40,100,-68.24516916,44.14485979
415,2,6496,6496,BP-148,40,200,N-31,200,2500,N29,N29,29,2,362.5,,N29 6,5,N29,6,2022-06-11,EG ,7,5,6,18,,N29 6,,40,100,-68.24578969,44.14522402
416,2,6497,6497,AZ-18,40,200,J-5,200,2500,J03,J03,2,2,25,,J03 10,440,J03,10,2022-07-24,EG/LS/WH,0,1,1,2,,J03 10,,40,100,-68.24764139,44.15694045
417,2,6505,6505,AN-41,40,200,H07,200,2500,H07,H07,3,2,37.5,,H07 23,185,H07,23,2022-06-25,EG/LS,1,2,0,3,,H07 23,,40,100,-68.24916822,44.15487975
418,1,6521,6521,BB-149,40,200,K-31,200,2500,K29,K29,16,2,200,,K29 12,40,K29,12,2022-06-16,EG,4,1,1,6,,K29 12,,40,100,-68.24754115,44.14514554
419,1,6528,6528,BR-133,40,200,N-28,200,2500,N26,N26,22,2,275,,N26 8,93,N26,8,2022-06-22,LS,4,1,0,5,,N26 8,,40,100,-68.24552244,44.14657274
420,1,6551,6551,BN-169,40,200,M-35,200,2500,M33,M33,0,2,0,,M33 14,509,M33,14,2022-08-11,EG/LS,0,0,0,0,,M33 14,,40,100,-68.2460638,44.14333514
421,2,6569,6569,BA-134,40,200,K-28,200,2500,K26,K26,3,2,37.5,,K26 11,102,K26,11,2022-06-22,LS,0,1,0,1,,K26 11,,40,100,-68.24764903,44.14649673
422,4,6580,6580,AU-111,40,200,J-23,200,2500,J21,J21,13,2,162.5,,I21 25,193,I21,25,2022-06-28,EG/LS,0,0,0,0,,I21 25,,40,100,-68.2483729,44.14857225
423,2,6583,6583,BA-149,40,200,J-31,200,2500,J29,J29,0,2,0,,K29 11,41,K29,11,2022-06-16,LS,2,4,4,10,,K29 11,,40,100,-68.24766618,44.14514636
424,2,6619,6619,AN-47,40,200,H-11,200,2500,H09,H09,0,2,0,,H09 3,164,H09,3,2022-06-25,EG/LS/JM,0,0,0,0,,H09 3,,40,100,-68.24917507,44.1543396
425,2,6620,6620,T-36,40,200,D07,200,2500,D07,D07,0,2,0,,D06 23,631,D06,23,2022-08-16,EG/LS,0,0,0,0,,D06 23,,40,100,-68.25166341,44.15534629
426,2,6631,6631,BX-161,40,200,O-34,200,2500,O32,O32,0,2,0,,O31 24,89,O31,24,2022-06-18,EG/LS,0,0,0,0,,O31 24,,40,100,-68.24480442,44.14404709
427,1,6638,6638,Y-108,40,200,E-23,200,2500,E21,E21,0,2,0,,E21 8,283,E21,8,2022-07-09,EG/LS/JM,0,0,0,0,,E21 8,,40,100,-68.25112016,44.14886039
428,1,6671,6671,BR-28,40,200,N-7,200,2500,N05,N05,16,2,200,,N05 8,402,N05,8,2022-07-21,EG/LS,4,0,3,7,2 deaths,N05 8,,40,100,-68.245402,44.15602536
429,1,6785,6785,AX-118,40,200,J-25,200,2500,J23,J23,1,2,12.5,,J23 8,116,J23,8,2022-06-23,EG/LS/JM,0,0,0,0,,J23 8,,40,100,-68.24800582,44.1479396
430,2,6833,6833,BA-33,40,200,K06,200,2500,K06,K06,5,2,62.5,,K06 6,327,K06,6,2022-07-12,EG/LS,0,0,0,0,,K06 6,,40,100,-68.2475335,44.15558925
431,2,6847,6847,V-38,40,200,D07,200,2500,D07,D07,0,2,0,,D07 10,624,D07,10,2022-08-16,EG/LS,0,0,0,0,,D07 10,,40,100,-68.25141559,44.1551646
432,4,6887,6887,AK-42,40,200,H07,200,2500,H07,H07,3,2,37.5,,G08 5,52,G08,5,2022-06-17,LS,0,0,0,0,,G08 5,,40,100,-68.24954449,44.15479219
433,1,6890,6890,T-93,40,200,D-20,200,2500,D18,D18,0,2,0,,D18 8,493,D18,8,2022-07-30,EG/LS,0,0,0,0,,D18 8,,40,100,-68.25172825,44.15021486
434,2,6892,6892,BF-133,40,200,K-28,200,2500,K26,K26,3,2,37.5,,L26 6,97,L26,6,2022-06-22,EG/LS,0,0,0,0,,L26 6,,40,100,-68.24702275,44.14658264
435,4,6907,6907,AP-162,40,200,H-33,200,2500,H31,H31,0,2,0,,H32 5,578,H32,5,2022-08-13,EG/LS,0,0,0,0,,H32 5,,40,100,-68.24905627,44.14398508
436,4,6914,6914,BU-162,40,200,N-33,200,2500,N31,N31,0,2,0,,O32 1,527,O32,1,2022-08-11,EG/LS,0,0,0,0,,O32 1,,40,100,-68.24518063,44.14395954
437,2,6939,6939,BK-143,40,200,L-30,200,2500,L28,L28,6,2,75,,M28 6,688,M28,6,2022-08-20,EG/LS/HA,0,0,1,1,,M28 6,,40,100,-68.24640908,44.14567827
438,2,6940,6940,BF-110,40,200,K-23,200,2500,K21,K21,8,2,100,,L21 16,22,L21,16,2022-06-12,LS,2,0,1,3,,L21 16,,40,100,-68.24699643,44.14865322
439,2,6943,6943,AS-127,40,200,I-27,200,2500,I25,I25,2,2,25,,I25 3,300,I25,3,2022-07-10,EG/LS,0,0,0,0,,I25 3,,40,100,-68.24864124,44.14713349
440,2,6970,6970,AW-71,40,200,J-16,200,2500,J14,J14,1,2,12.5,,J13 21,461,J13,21,2022-07-25,EG/LS/JM,1,2,0,3,,J13 21,,40,100,-68.24807713,44.1521716
441,1,6985,6985,BH-175,40,200,L-36,200,2500,L34,L34,0,2,0,,L34 18,549,L34,18,2022-08-13,EG/LS,0,0,0,0,,L34 18,,40,100,-68.24682078,44.14279994
442,2,7006,7006,AO-56,40,200,H-13,200,2500,H11,H10,0,2,0,,H10 24,243,H10,24,2022-07-05,EG/LS,0,0,0,0,,H10 24,,40,100,-68.2490603,44.15352855
443,2,7011,7011,AV-135,40,200,I-28,200,2500,I26,I26,10,2,125,,J26 16,218,J26,16,2022-06-29,EG/LS/JM,0,0,0,0,,J26 16,,40,100,-68.2482753,44.14641082
444,1,7014,7014,BB-43,40,200,K-10,200,2500,K08,K08,3,2,37.5,,K08 7,173,K08,7,2022-06-25,EG/LS/JM,0,0,1,1,,K08 7,,40,100,-68.2474199,44.15468818
445,2,7028,7028,BK-175,40,200,L-36,200,2500,L34,L34,0,2,0,,M34 16,512,M34,16,2022-08-11,EG/LS,2,0,0,2,,M34 16,,40,100,-68.24644572,44.14279747
446,2,7032,7032,AS-12,40,200,I-3,200.5726888,2489.675358,I01,I01,0,2,0,,I02 3,595,I02,3,2022-08-15,EG/LS,0,0,0,0,,I02 3,,40,100,-68.24850987,44.15748636
447,2,7046,7046,AN-111,40,200,H-23,200,2500,H21,H21,0,2,0,,H21 23,207,H21,23,2022-06-28,EG/LS,0,0,0,0,,H21 23,,40,100,-68.24924812,44.148578
448,1,7047,7047,BQ-129,40,200,N-27,200,2500,N25,N25,41,2,512.5,,N25 12,669,N25,12,2022-08-19,EG/LS/HA,3,0,2,5,,N25 12,,40,100,-68.24564288,44.14693367
449,1,7089,7089,BM-168,40,200,M-35,200,2500,M33,M33,0,2,0,,M33 8,510,M33,8,2022-08-11,EG/LS,0,0,0,0,,M33 8,,40,100,-68.24618767,44.14342599
450,2,7103,7103,AQ-73,40,200,H-16,200,2500,H14,H14,4,2,50,,I14 6,469,I14,6,2022-07-28,EG/LS/AP,0,2,1,3,1 death,I14 6,,40,100,-68.24882964,44.15199649
451,2,7137,7137,AU-69,40,200,I-15,200,2500,I13,I13,1,2,12.5,,I13 15,466,I13,15,2022-07-28,EG/LS/AP,0,0,1,1,,I13 15,,40,100,-68.24832492,44.1523533
452,4,7179,7179,BA-16,40,200,J-5,200,2500,J03,J03,2,2,25,,K02 21,603,K02,21,2022-08-15,EG/LS,0,1,0,1,,K02 21,,40,100,-68.24751405,44.15711968
453,2,7191,7191,W-35,40,200,E-8,200,2500,E06,E06,0,2,0,,E06 16,68,E06,16,2022-06-17,EG/LS,0,0,0,0,,E06 16,,40,100,-68.25128713,44.15543385
454,1,7227,7227,BN-173,40,200,M-36,200,2500,M34,M34,4,2,50,,M34 9,511,M34,9,2022-08-11,EG/LS,2,0,0,2,incl. foundation,M34 9,,40,100,-68.24606838,44.14297504
455,4,7230,7230,BZ-156,40,200,P-33,200,2500,P31,P31,0,2,0,,P30 21,537,P30,21,2022-08-12,EG/LS,0,0,0,0,,P30 21,,40,100,-68.24454864,44.14449556
456,4,7242,7242,W-86,40,200,D-18,200,2500,D16,D16,4,2,50,,E16 21,486,E16,21,2022-07-30,EG/LS,0,0,0,0,,E16 21,,40,100,-68.25134518,44.15084258
457,4,7296,7296,BA-152,40,200,J-31,200,2500,J29,J29,0,2,0,,K30 1,38,K30,1,2022-06-16,LS,5,2,4,11,,K30 1,,40,100,-68.24766961,44.14487628
458,4,7301,7301,AP-47,40,200,H-11,200,2500,H09,H09,0,2,0,,H09 5,165,H09,5,2022-06-25,EG/LS/JM,0,0,0,0,,H09 5,,40,100,-68.24892499,44.15433796
459,2,7316,7316,BJ-158,40,200,M-33,200,2500,M31,M31,12,2,150,,L31 15,33,L31,15,2022-06-12,EG,0,1,0,1,,L31 15,,40,100,-68.24655128,44.14432872
460,2,7333,7333,Y-36,40,200,E-8,200,2500,E06,E06,0,2,0,,E06 23,69,E06,23,2022-06-17,EG/LS,0,0,0,0,,E06 23,,40,100,-68.25103818,44.15534219
461,2,7336,7336,Q-35,40,200,C-8,203.7994055,2186.274739,C06,C06,0,2,0,,C06 20,629,C06,20,2022-08-16,EG/LS,0,0,0,0,,C06 20,,39.13169935,98.75365993,-68.25203673,44.15543824
462,2,7344,7344,BA-20,40,200,J-5,200,2500,J03,J03,2,2,25,,K03 16,442,K03,16,2022-07-24,EG/LS/WH,6,3,4,13,2 deaths,K03 16,,40,100,-68.24751863,44.15675958
463,2,7409,7409,BM-146,40,200,M-31,200,2500,M29,M29,7,2,87.5,,M28 23,705,M28,23,2022-08-20,EG/LS/HA,3,0,0,3,,M28 23,,40,100,-68.24616246,44.14540654
464,2,7430,7430,AO-12,40,200,H-3,209.684775,2427.934486,H01,H01,0,2,0,,H02 4,593,H02,4,2022-08-15,EG/LS,0,0,0,0,,H02 4,,40,100,-68.24901007,44.15748965
465,4,7435,7435,AK-86,40,200,G-18,200,2500,G16,G16,0,2,0,,G16 25,147,G16,25,2022-06-24,EG/LS/AP,0,0,0,0,1 pair wings,G16 25,,40,100,-68.24959469,44.15083109
466,1,7437,7437,BQ-113,40,200,N-24,200,2500,N22,N22,19,2,237.5,,N22 7,190,N22,7,2022-06-26,EG/LS,5,1,3,9,1 wing,N22 7,,40,100,-68.24562453,44.14837407
467,2,7447,7447,AH-56,40,200,G-13,200,2500,G11,G10,0,2,0,,G10 22,244,G10,22,2022-07-05,EG/LS,0,0,0,0,,G10 22,,40,100,-68.24993559,44.15353431
468,1,7454,7454,AX-145,40,200,J-30,200,2500,J28,J28,0,2,0,,J28 18,223,J28,18,2022-06-29,EG/LS,0,0,0,0,,J28 18,,40,100,-68.24803667,44.14550893
469,2,7465,7465,AT-127,40,200,I-27,200,2500,I25,I25,2,2,25,,I25 4,301,I25,4,2022-07-10,EG/LS,1,1,0,2,,I25 4,,40,100,-68.24851621,44.14713267
470,4,7537,7537,BP-171,40,200,M-35,200,2500,M33,M33,0,2,0,,N33 21,524,N33,21,2022-08-11,EG/LS,0,0,0,0,,N33 21,,40,100,-68.24581605,44.14315344
471,2,7547,7547,BR-131,40,200,N-28,200,2500,N26,N26,22,2,275,,N25 23,680,N25,23,2022-08-19,EG/LS/HA,5,2,2,9,,N25 23,,40,100,-68.24552015,44.14675279
472,1,7606,7606,BN-144,40,200,M-30,200,2500,M28,M28,13,2,162.5,,M28 14,696,M28,14,2022-08-20,EG/LS/HA,3,0,0,3,,M28 14,,40,100,-68.24603515,44.14558577
473,1,7681,7681,AR-48,40,200,I-11,200,2500,I09,I09,0,2,0,,I09 7,163,I09,7,2022-06-25,EG/LS/JM,0,0,0,0,,I09 7,,40,100,-68.24867604,44.15424629
474,2,7705,7705,BM-27,40,200, ,200,2500,M05,M05,26,2,325,,M05 3,635,M05,3,2022-08-18,EG/LS/HA,8,0,4,12,,M05 3,,40,100,-68.24602609,44.15611951
475,4,7706,7706,BT-177,40,200,N-37,200,2500,N35,N35,0,2,0,,N35 5,519,N35,5,2022-08-11,EG/LS,0,0,0,0,,N35 5,,40,100,-68.24532286,44.14260999
476,1,7716,7716,AS-53,40,200,I-12,200,2500,I10,I10,0,2,0,,I10 8,241,I10,8,2022-07-05,EG/LS,0,0,0,0,,I10 8,,40,100,-68.24855671,44.15379534
477,2,7743,7743,AR-132,40,200,I-28,200,2500,I26,I26,10,2,125,,I26 2,297,I26,2,2022-07-10,EG/LS,5,4,1,10,,I26 2,,40,100,-68.24877197,44.14668419
478,2,7753,7753,AL-150,40,200,H-31,200,2500,H29,H29,0,2,0,,H29 16,366,H29,16,2022-07-16,EG/LS,0,0,0,0,,H29 16,,40,100,-68.24954266,44.14506867
479,4,7759,7759,BE-137,40,200,K-28,200,2500,K26,K26,3,2,37.5,,K27 5,100,K27,5,2022-06-22,EG,3,1,0,4,,K27 5,,40,100,-68.24715235,44.14622336
480,1,7768,7768,AW-40,40,200,J07,200,2500,J07,J07,9,2,112.5,,J07 17,181,J07,17,2022-06-25,EG/LS,6,1,1,8,,J07 17,,40,100,-68.24804169,44.15496237
481,1,7788,7788,AT-28,40,200,I-7,200,2500,I05,I05,0,2,0,,I05 9,336,I05,9,2022-07-13,EG/LS,0,0,0,0,,I05 9,,40,100,-68.24840311,44.15604514
482,2,7795,7795,R-44,40,200,C-10,200,2500,C08,C08,0,2,0,,D08 11,622,D08,11,2022-08-16,EG/LS,0,0,0,0,,D08 11,,40,100,-68.25192259,44.15462772
483,1,7797,7797,BD-160,40,200,K-33,200,2500,K31,K31,1,2,12.5,,K31 19,34,K31,19,2022-06-16,EG,0,1,0,1,,K31 19,,40,100,-68.24730369,44.14415361
484,1,7804,7804,BS-128,40,200,N-27,200,2500,N25,N25,41,2,512.5,,N25 9,666,N25,9,2022-08-19,EG/LS/HA,4,1,4,9,,N25 9,,40,100,-68.24539168,44.14702204
485,2,7809,7809,BP-138,40,200,N-29,200,2500,N27,N27,25,2,312.5,,N27 6,79,N27,6,2022-06-18,EG/LS,6,3,4,13,,N27 6,,40,100,-68.24577822,44.14612427
486,1,7840,7840,AX-153,40,200,J-32,200,2500,J30,J30,0,2,0,,J30 8,227,J30,8,2022-06-29,EG/LS,0,0,0,0,,J30 8,,40,100,-68.24804582,44.14478873
487,2,7849,7849,AQ-150,40,200,I-31,200,2500,I29,I29,0,2,0,,I29 16,355,I29,16,2022-07-16,EG/LS,0,0,0,0,,I29 16,,40,100,-68.24891755,44.14506456
488,4,7850,7850,AP-132,40,200,I-28,200,2500,I26,I26,10,2,125,,H26 5,298,H26,5,2022-07-10,EG/LS,0,0,0,0,,H26 5,,40,100,-68.24902203,44.14668583
489,1,7852,7852,BI-129,40,200,L-27,200,2500,L25,L25,3,2,37.5,,L25 14,110,L25,14,2022-06-22,EG/LS,1,1,0,2,,L25 14,,40,100,-68.24664309,44.14694027
490,1,7880,7880,BQ-128,40,200,N-27,200,2500,N25,N25,41,2,512.5,,N25 7,664,N25,7,2022-08-19,EG/LS/HA,1,0,0,1,,N25 7,,40,100,-68.24564173,44.14702369
491,4,7894,7894,BO-32,40,200, ,200,2500,M05,M05,26,2,325,,M06 5,398,M06,5,2022-07-21,EG/LS,2,2,1,5,2 deaths,M06 5,,40,100,-68.24578173,44.15566773
492,2,7900,7900,AZ-130,40,200,K-27,200,2500,K25,K25,3,2,37.5,,J25 20,216,J25,20,2022-06-29,EG/LS/JM,4,0,0,4,2 pairs wings,J25 20,,40,100,-68.24776948,44.14685766
493,1,7914,7914,CA-145,40,200,P-30,201.7922294,2437.757417,P28,,,,,,P28 17,350,P28,17,2022-07-13,EG/LS/JM,0,0,0,0,,P28 17,,17.69931695,12.18776188,-68.24446243,44.1454995
494,2,7934,7934,BH-21,40,200,L-6,200,2500,L04,L04,17,2,212.5,,L03 23,445,L03,23,2022-07-24,EG/LS/WH,7,1,5,13,2 deaths,L03 23,,40,100,-68.24664444,44.15666378
495,2,7948,7948,AX-31,40,200,J06,200,2500,J06,J06,0,2,0,,J05 23,335,J05,23,2022-07-13,EG/LS,0,1,1,2,,J05 23,,40,100,-68.24790635,44.15577177
496,2,7951,7951,AQ-25,40,200,H-6,200,2500,H04,H04,0,2,0,,I04 16,433,I04,16,2022-07-24,EG/LS/WH,0,0,0,0,,I04 16,,40,100,-68.24877482,44.15631768
497,2,7961,7961,BP-9,40,200,N-3,200,2500,N01,N01,2,2,25,,N01 11,422,N01,11,2022-07-22,EG/LS,0,0,0,0,,N01 11,,40,100,-68.2456303,44.15773748
498,1,7976,7976,Z-30,40,200,E-7,200,2500,E05,E05,0,2,0,,E05 19,345,E05,19,2022-07-13,EG/LS/JM,0,0,0,0,,E05 19,,40,100,-68.2509063,44.15588152
499,1,7977,7977,BB-38,40,200,K07,200,2500,K07,K07,7,2,87.5,,K07 7,178,K07,7,2022-06-25,EG/LS,0,0,1,1,,K07 7,,40,100,-68.24741418,44.15513831
500,2,7978,7978,BK-145,40,200,L-30,200,2500,L28,L28,6,2,75,,M28 16,698,M28,16,2022-08-20,EG/LS/HA,2,0,0,2,,M28 16,,40,100,-68.24641137,44.14549822
501,2,7995,7995,AP-143,40,200,H-30,200,2500,H28,H28,0,2,0,,H28 10,363,H28,10,2022-07-16,EG/LS,0,0,0,0,,H28 10,,40,100,-68.24903458,44.14569556
502,2,7997,7997,AU-170,40,200,I-35,200,2500,I33,I33,0,2,0,,I33 20,573,I33,20,2022-08-13,EG/LS,0,0,0,0,,I33 20,,40,100,-68.2484403,44.14326077
503,1,8003,8003,S-49,40,200,D-11,200,2500,D09,D09,0,2,0,,D09 12,613,D09,12,2022-08-16,EG/LS,0,0,0,0,,D09 12,,40,100,-68.25180324,44.15417678
504,2,8005,8005,BL-146,40,200,M-31,200,2500,M29,M29,7,2,87.5,,M28 22,704,M28,22,2022-08-20,EG/LS/HA,2,2,0,4,,M28 22,,40,100,-68.24628749,44.14540737
505,2,8023,8023,BU-25,40,200,O-6,200,2500,O04,O04,17,2,212.5,,O04 16,419,O04,16,2022-07-22,EG/LS,5,0,2,7,2 deaths,O04 16,,40,100,-68.24502342,44.15629295
506,2,8035,8035,AQ-105,40,200,I-22,200,2500,I20,I20,2,2,25,,I20 16,194,I20,16,2022-06-28,EG/LS,0,0,0,0,1 wing,I20 16,,40,100,-68.24886618,44.14911569
507,2,8054,8054,AE-81,40,200,F16,200,2500,F16,F16,0,2,0,,F15 24,481,F15,24,2022-07-28,EG/LS/AP,0,0,0,0,,F15 24,,40,100,-68.2503392,44.15128614
508,1,8055,8055,AO-35,40,200,H06,200,2500,H06,H06,0,2,0,,H06 19,320,H06,19,2022-07-12,EG/LS,0,0,0,0,,H06 19,,40,100,-68.24903633,44.15541908
509,4,8060,8060,AG-41,40,200,F-10,200,2500,F08,F08,0,2,0,,G07 21,54,G07,21,2022-06-17,EG,0,0,0,0,,G07 21,,40,100,-68.25004353,44.1548855
510,4,8100,8100,BP-127,40,200,N-26,200,2500,N24,N24,44,2,550,,N25 1,658,N25,1,2022-08-19,EG/LS/HA,4,1,2,7,,N25 1,,40,100,-68.24576561,44.14711454
511,2,8127,8127,AZ-25,40,200,K-6,200,2500,K04,K04,22,2,275,,J04 20,430,J04,20,2022-07-24,EG/LS/WH,4,0,1,5,,J04 20,,40,100,-68.2476494,44.15631028
512,1,8141,8141,BH-120,40,200,L-25,200,2500,L23,L23,3,2,37.5,,L23 18,125,L23,18,2022-06-23,EG,1,1,0,2,,L23 18,,40,100,-68.24675782,44.14775132
513,2,8159,8159,Q-95,40,200,D-20,200,2500,D18,D18,0,2,0,,C18 20,506,C18,20,2022-07-30,EG/LS,0,3,0,3,"1 death, otter scat",C18 20,,38.18242548,81.63830811,-68.25209494,44.15004024
514,1,8195,8195,BH-104,40,200,L-22,200,2500,L20,L20,16,2,200,,L20 13,251,L20,13,2022-07-07,EG/LS/JM,3,3,3,9,1 wing,L20 13,,40,100,-68.2467395,44.14919172
515,1,8204,8204,BN-40,40,200,M07,200,2500,M07,M07,1,2,12.5,,M07 19,397,M07,19,2022-07-21,EG/LS,0,0,0,0,1 wing,M07 19,,40,100,-68.24591594,44.15494836
516,1,8241,8241,BL-104,40,200,M-22,200,2500,M20,M20,2,2,25,,M20 12,134,M20,12,2022-06-24,EG/LS/AP,0,1,1,2,,M20 12,,40,100,-68.24623937,44.14918842
517,2,8258,8258,BG-27,40,200,L-6,200,2500,L04,L04,17,2,212.5,,L05 2,330,L05,2,2022-07-13,EG/LS,2,1,2,5,1 wing,L05 2,,40,100,-68.24677636,44.15612446
518,2,8260,8260,BO-30,40,200, ,200,2500,M05,M05,26,2,325,,M05 20,652,M05,20,2022-08-18,EG/LS/HA,1,2,0,3,,M05 20,,40,100,-68.24577943,44.15584778
519,2,8261,8261,AZ-84,40,200,J-18,200,2500,J16,J16,1,2,12.5,,J16 15,153,J16,15,2022-06-24,EG/LS/AP,1,0,0,1,,J16 15,,40,100,-68.24771688,44.15099881
520,1,8265,8265,CC-165,40,200,P-34,200,2500,P32,P32,0,2,0,,P32 19,541,P32,19,2022-08-12,EG/LS,0,0,0,0,,P32 19,,40,100,-68.24418392,44.14368285
521,1,8267,8267,AR-80,40,200,I-17,200,2500,I15,I15,7,2,87.5,,I15 17,470,I15,17,2022-07-28,EG/LS/AP,0,0,2,2,,I15 17,,40,100,-68.24871259,44.15136549
522,2,8278,8278,BV-126,40,200,O-27,200,2500,O25,O25,29,2,362.5,,O24 22,270,O24,22,2022-07-08,EG/LS,0,0,0,0,,O24 22,,38.32194661,95.89659454,-68.24501649,44.14719807
523,2,8296,8296,AE-82,40,200,F16,200,2500,F16,F16,0,2,0,,F16 4,282,F16,4,2022-07-09,EG/LS/JM,0,0,0,0,,F16 4,,40,100,-68.25034034,44.15119612
524,2,8300,8300,Y-46,40,200,E-10,200,2500,E08,E08,0,2,0,,E08 23,65,E08,23,2022-06-17,EG/LS,0,0,0,0,,E08 23,,40,100,-68.25104957,44.15444194
525,4,8310,8310,AP-156,40,200,H-32,200,2500,H30,H30,0,2,0,,H30 25,581,H30,25,2022-08-13,EG/LS,0,0,0,0,,H30 25,,40,100,-68.24904942,44.14452523
526,2,8315,8315,AG-30,40,200,F-7,200,2500,F05,F05,0,2,0,,G05 16,341,G05,16,2022-07-13,EG/LS,0,0,0,0,,G05 16,,40,100,-68.25003098,44.15587577
527,2,8334,8334,AU-40,40,200,I07,200,2500,I07,I07,1,2,12.5,,I07 20,182,I07,20,2022-06-25,EG/LS,0,0,0,0,,I07 20,,40,100,-68.24829177,44.15496402
528,2,8346,8346,AH-32,40,200,G-7,200,2500,G05,G05,0,2,0,,G06 2,73,G06,2,2022-06-17,LS,0,0,0,0,,G06 2,,40,100,-68.24990822,44.1556949
529,1,8349,8349,BM-29,40,200, ,200,2500,M05,M05,26,2,325,,M05 13,645,M05,13,2022-08-18,EG/LS/HA,0,1,0,1,,M05 13,,40,100,-68.24602838,44.15593946
530,2,8353,8353,BP-109,40,200,M-23,200,2500,M21,M21,4,2,50,,N21 11,229,N21,11,2022-07-04,EG/LS,16,0,7,23,,N21 11,,40,100,-68.24574498,44.14873499
531,1,8357,8357,AY-115,40,200,J-24,200,2500,J22,J22,0,2,0,,J22 19,29,J22,19,2022-06-12,EG,0,0,0,0,,J22 19,,40,100,-68.24787736,44.14820886
532,2,8371,8371,BT-130,40,200,O-27,200,2500,O25,O25,29,2,362.5,,N25 20,677,N25,20,2022-08-19,EG/LS/HA,15,6,3,24,,N25 20,,40,100,-68.24526895,44.14684117
533,2,8374,8374,AS-126,40,200,I-27,200,2500,I25,I25,2,2,25,,I24 23,303,I24,23,2022-07-10,EG/LS,0,0,0,0,,I24 23,,40,100,-68.2486401,44.14722352
534,1,8391,8391,BS-133,40,200,N-28,200,2500,N26,N26,22,2,275,,N26 9,92,N26,9,2022-06-22,EG,11,2,4,17,,N26 9,,40,100,-68.24539741,44.14657192
535,1,8398,8398,AY-48,40,200,J-11,200,2500,J09,J09,27,2,337.5,,J09 9,160,J09,9,2022-06-25,EG/LS/JM,12,7,5,24,,J09 9,,40,100,-68.24780075,44.15424053
536,2,8402,8402,BA-68,40,200,K-15,200,2500,K13,K13,0,2,0,,K13 6,450,K13,6,2022-07-25,EG/LS/JM,0,0,0,0,,K13 6,,36.57336156,73.50039778,-68.24758901,44.15244232
537,2,8408,8408,L-40,40,200,C07,200,2500,C07,C07,0,2,0,,B07 20,627,B07,20,2022-08-16,EG/LS,0,0,0,0,,B07 20,,40,100,-68.25266831,44.15499273
538,2,8416,8416,BN-166,40,200,M-35,200,2500,M33,M33,0,2,0,,M32 24,508,M32,24,2022-08-11,EG/LS,3,0,5,8,,M32 24,,40,100,-68.24606036,44.14360522
539,1,8500,8500,BD-19,40,200,K-5,200,2500,K03,K03,26,2,325,,K03 14,443,K03,14,2022-07-24,EG/LS/WH,6,3,4,13,,K03 14,,40,100,-68.24714234,44.15684713
540,1,8502,8502,AE-49,40,200,F-11,200,2500,F09,F09,0,2,0,,F09 14,60,F09,14,2022-06-17,EG,0,0,0,0,,F09 14,,40,100,-68.25030273,44.15416694
541,2,8554,8554,AC-92,40,200,F-20,200,2500,F18,F18,0,2,0,,F18 2,277,F18,2,2022-07-09,EG/LS,0,0,0,0,1 death,F18 2,,40,100,-68.25060181,44.15029751
542,1,8592,8592,CB-160,40,200,P-33,200,2500,P31,P31,0,2,0,,P31 18,539,P31,18,2022-08-12,EG/LS,0,0,0,0,,P31 18,,40,100,-68.24430319,44.1441338
543,2,8596,8596,BA-135,40,200,K-28,200,2500,K26,K26,3,2,37.5,,K26 16,103,K26,16,2022-06-22,EG,0,0,2,2,,K26 16,,40,100,-68.24765017,44.14640671
544,1,8599,8599,BB-128,40,200,K-27,200,2500,K25,K25,3,2,37.5,,K25 7,112,K25,7,2022-06-22,EG/LS,0,1,0,1,,K25 7,,40,100,-68.24751714,44.14703606
545,1,8606,8606,BG-178,40,200,L-37,200,2500,L35,L35,5,2,62.5,,L35 7,551,L35,7,2022-08-13,EG/LS,0,0,0,0,,L35 7,,40,100,-68.24694923,44.14253069
546,1,8607,8607,BG-123,40,200,L-26,200,2500,L24,L24,12,2,150,,L24 7,123,L24,7,2022-06-23,EG/JM,3,3,4,10,,L24 7,,40,100,-68.24688628,44.14748207
547,2,8620,8620,BA-173,40,200,K-36,200,2500,K34,K34,0,2,0,,K34 6,557,K34,6,2022-08-13,EG/LS,0,0,0,0,,K34 6,,40,100,-68.24769362,44.14298576
548,1,8641,8641,BL-143,40,200,M-30,200,2500,M28,M28,13,2,162.5,,M28 7,689,M28,7,2022-08-20,EG/LS/HA,2,0,0,2,,M28 7,,40,100,-68.24628405,44.14567744
549,1,8648,8648,AS-50,40,200,I-11,200,2500,I09,I09,0,2,0,,I09 18,162,I09,18,2022-06-25,EG/LS/JM,0,0,0,0,,I09 18,,40,100,-68.24855329,44.15406542
550,1,8651,8651,BI-13,40,200,L-4,200,2500,L02,L02,10,2,125,,L02 9,605,L02,9,2022-08-15,EG/LS,1,1,6,8,,L02 9,,40,100,-68.24651023,44.15738316
551,2,8669,8669,BX-176,40,200,O-36,200,2500,O34,O34,4,2,50,,O34 24,531,O34,24,2022-08-11,EG/LS,2,0,2,4,,O34 24,,40,100,-68.24482164,44.14269671
552,1,8684,8684,AY-45,40,200,J-10,200,2500,J08,J08,0,2,0,,J08 19,170,J08,19,2022-06-25,EG/LS/JM,0,0,0,0,,J08 19,,40,100,-68.24779732,44.1545106
553,1,8698,8698,AE-25,40,200,F-6,198.6415621,2488.3356,F04,F04,0,2,0,,F04 19,583,F04,19,2022-08-15,EG/LS,0,0,0,0,,F04 19,,40,100,-68.25027538,44.15632754
554,2,8722,8722,AR-117,40,200,I-25,200,2500,I23,I23,0,2,0,,I23 2,309,I23,2,2022-07-10,EG/LS,0,0,0,0,,I23 2,,40,100,-68.24875485,44.14803456
555,1,8745,8745,AR-158,40,200,I-33,200,2500,I31,I31,0,2,0,,I31 7,570,I31,7,2022-08-13,EG/LS,0,0,0,0,,I31 7,,40,100,-68.24880166,44.14434354
556,4,8818,8818,V-92,40,200,D-20,200,2500,D18,D18,0,2,0,,D18 5,492,D18,5,2022-07-30,EG/LS,0,0,0,0,,D18 5,,40,100,-68.25147704,44.15030325
557,2,8826,8826,AH-51,40,200,G-12,200,2500,G10,G10,0,2,0,,G09 22,50,G09,22,2022-06-17,EG,0,0,0,0,,G09 22,,40,100,-68.24992989,44.15398443
558,2,8849,8849,BP-128,40,200,N-27,200,2500,N25,N25,41,2,512.5,,N25 6,106,N25,6,2022-06-22,EG/LS,11,7,5,23,,N25 6,,40,100,-68.24576676,44.14702452
559,2,8871,8871,BE-104,40,200,K-22,200,2500,K20,K20,1,2,12.5,,K20 15,256,K20,15,2022-07-08,EG/LS,0,0,0,0,,K20 15,,40,100,-68.24711459,44.14919419
560,2,8881,8881,AL-14,40,200,G-4,200.5375615,2441.430609,G02,G02,0,2,0,,H02 11,594,H02,11,2022-08-15,EG/LS,0,0,0,0,,H02 11,,40,100,-68.2493875,44.15731207
561,2,8918,8918,AG-33,40,200,G-8,200,2500,G06,G06,0,2,0,,G06 6,72,G06,6,2022-06-17,EG,0,0,0,0,,G06 6,,40,100,-68.25003441,44.1556057
562,2,8921,8921,AA-53,40,200,E-12,200,2500,E10,E10,0,2,0,,E10 10,248,E10,10,2022-07-05,EG/LS,0,0,0,0,,E10 10,,40,100,-68.25080746,44.15381012
563,1,8953,8953,AY-118,40,200,J-25,200,2500,J23,J23,1,2,12.5,,J23 9,117,J23,9,2022-06-23,EG/LS/JM,0,1,0,1,,J23 9,,40,100,-68.24788079,44.14793878
564,1,8991,8991,BS-130,40,200,N-27,200,2500,N25,N25,41,2,512.5,,N25 19,676,N25,19,2022-08-19,EG/LS/HA,6,1,4,11,,N25 19,,40,100,-68.24539397,44.14684199
565,1,8996,8996,AW-95,40,200,J-20,200,2500,J18,J18,1,2,12.5,,J18 17,263,J18,17,2022-07-08,EG/LS,0,1,0,1,,J18 17,,40,100,-68.24810456,44.150011
566,4,9001,9001,AZ-77,40,200,J-16,200,2500,J14,J14,1,2,12.5,,J15 5,456,J15,5,2022-07-25,EG/LS/JM,0,0,0,0,,J15 5,,40,100,-68.24770887,44.15162898
567,1,9020,9020,BS-129,40,200,N-27,200,2500,N25,N25,41,2,512.5,,N25 14,671,N25,14,2022-08-19,EG/LS/HA,4,0,1,5,,N25 14,,40,100,-68.24539283,44.14693202
568,2,9028,9028,AD-52,40,200,F-11,200,2500,F09,F09,0,2,0,,F10 3,247,F10,3,2022-07-05,EG/LS,0,0,0,0,1 SPSA nest,F10 3,,40,100,-68.25043119,44.15389769
569,1,9033,9033,AO-110,40,200,H-23,200,2500,H21,H21,0,2,0,,H21 19,206,H21,19,2022-06-28,EG/LS,0,0,0,0,,H21 19,,40,100,-68.24912194,44.14866721
570,2,9051,9051,AV-64,40,200,I-14,200,2500,I12,I12,0,2,0,,J12 11,463,J12,11,2022-07-25,EG/LS/JM,0,0,0,0,,J12 11,,40,100,-68.24819416,44.1528026
571,2,9056,9056,BH-151,40,200,L-32,200,2500,L30,L30,4,2,50,,L29 23,42,L29,23,2022-06-16,EG,0,0,0,0,,L29 23,,40,100,-68.24679331,44.14496054
572,2,9060,9060,BV-26,40,200,O-6,200,2500,O04,O04,17,2,212.5,,O04 22,418,O04,22,2022-07-22,EG/LS,6,0,4,10,,O04 22,,40,100,-68.24489952,44.1562021
573,2,9099,9099,BF-85,40,200,L-18,201.78186,2381.526105,L16,L16,15,2,187.5,,L16 16,268,L16,16,2022-07-08,EG/LS,8,3,4,15,,L16 16,,40,100,-68.24696781,44.15090384
574,4,9108,9108,W-102,40,200,D-21,200,2500,D19,D19,16,2,200,,E20 1,289,E20,1,2022-07-09,EG/LS/JM,0,0,2,2,,E20 1,,40,100,-68.25136339,44.14940218
575,1,9128,9128,BH-24,40,200,L-6,200,2500,L04,L04,17,2,212.5,,L04 13,427,L04,13,2022-07-24,EG/LS/WH,0,0,0,0,,L04 13,,40,100,-68.24664788,44.15639371
576,1,9149,9149,AM-75,40,200,H-16,200,2500,H14,H14,4,2,50,,H14 17,474,H14,17,2022-07-28,EG/LS/AP,0,2,2,4,,H14 17,,40,100,-68.24933207,44.15181972
577,2,9158,9158,BJ-114,40,200,M-24,200,2500,M22,M22,44,2,550,,L22 15,127,L22,15,2022-06-23,EG/LS,2,2,1,5,,L22 15,,40,100,-68.24650089,44.14828982
578,1,9166,9166,BC-50,40,200,K-11,200,2500,K09,K09,0,2,0,,K09 18,159,K09,18,2022-06-25,EG/LS/JM,0,0,0,0,,K09 18,,40,100,-68.24730287,44.15405718
579,4,9220,9220,AZ-107,40,200,J-23,200,2500,J21,J21,13,2,162.5,,J21 5,30,J21,5,2022-06-12,EG,2,2,1,5,,J21 5,,40,100,-68.24774318,44.14892823
580,2,9228,9228,BH-91,40,200,L-20,200,2500,L18,L18,0,2,0,,L17 23,236,L17,23,2022-07-04,EG/LS,0,0,0,0,,L17 23,,40,100,-68.24672461,44.15036204
581,2,9245,9245,BK-13,40,200,L-4,200,2500,L02,L02,10,2,125,,M02 6,608,M02,6,2022-08-15,EG/LS,10,5,3,18,,M02 6,,40,100,-68.24626013,44.15738151
582,2,9266,9266,AK-24,40,200,G-6,200,2500,G04,G04,0,2,0,,G04 15,585,G04,15,2022-08-15,EG/LS,0,0,0,0,,G04 15,,40,100,-68.24952396,44.15641264
583,2,9268,9268,M-38,40,200,C07,200,2500,C07,C07,0,2,0,,C07 11,626,C07,11,2022-08-16,EG/LS,0,0,0,0,,C07 11,,40,100,-68.25254099,44.15517197
584,2,9273,9273,BG-126,40,200,L-26,200,2500,L24,L24,12,2,150,,L24 22,122,L24,22,2022-06-23,LS,0,1,1,2,,L24 22,,40,100,-68.24688971,44.14721199
585,2,9333,9333,AD-91,40,200,F-20,200,2500,F18,F18,0,2,0,,F17 23,280,F17,23,2022-07-09,EG/LS,0,0,0,0,burrows nearby,F17 23,,40,100,-68.25047563,44.15038671
586,2,9363,9363,AH-21,40,200,G-5,200,2500,G03,G03,0,2,0,,G03 22,588,G03,22,2022-08-15,EG/LS,0,0,0,0,,G03 22,,40,100,-68.24989567,44.15668518
587,1,9372,9372,AS-95,40,200,I-20,200,2500,I18,I18,4,2,50,,I18 18,199,I18,18,2022-06-28,EG/LS,0,1,0,1,,I18 18,,40,100,-68.24860469,44.15001429
588,1,9405,9405,BH-30,40,200,L-7,200,2500,L05,L05,6,2,75,,L05 18,331,L05,18,2022-07-13,EG/LS,0,1,0,1,,L05 18,,40,100,-68.24665475,44.15585356
589,1,9475,9475,AI-104,40,200,G-22,200,2500,G20,G20,7,2,87.5,,G20 13,210,G20,13,2022-06-28,EG/LS,0,1,0,1,2 pairs wings  ,G20 13,,40,100,-68.24986529,44.14921228
590,1,9495,9495,AD-30,40,200,F-7,200,2500,F05,F05,0,2,0,,F05 18,342,F05,18,2022-07-13,EG/LS,0,0,0,0,,F05 18,,40,100,-68.25040612,44.15587824
591,2,9501,9501,BS-127,40,200,N-26,200,2500,N24,N24,44,2,550,,N25 4,661,N25,4,2022-08-19,EG/LS/HA,11,2,3,16,,N25 4,,40,100,-68.24539053,44.14711207
592,4,9516,9516,BO-136,40,200,N-28,200,2500,N26,N26,22,2,275,,M26 25,95,M26,25,2022-06-22,EG/LS,6,2,3,11,,M26 25,,40,100,-68.24590096,44.14630514
593,2,9547,9547,AP-119,40,200,I-25,200,2500,I23,I23,0,2,0,,H23 15,307,H23,15,2022-07-10,EG/LS,0,0,0,0,,H23 15,,40,100,-68.24900719,44.14785616
594,2,9563,9563,AQ-19,40,200,I-5,200,2500,I05,I05,0,2,0,,I03 11,438,I03,11,2022-07-24,EG/LS/WH,0,0,0,0,,I03 11,,40,100,-68.24876796,44.15685783
595,2,9570,9570,BE-24,40,200,L-6,200,2500,L04,L04,17,2,212.5,,K04 15,428,K04,15,2022-07-24,EG/LS/WH,6,0,2,8,1 death,K04 15,,40,100,-68.24702302,44.15639618
596,2,9616,9616,AG-94,40,200,G-20,200,2500,G18,G18,5,2,62.5,,G18 11,215,G18,11,2022-06-28,EG/LS,0,1,0,1,,G18 11,,40,100,-68.25010395,44.15011418
597,2,9674,9674,BK-119,40,200,L-25,200,2500,L23,L23,3,2,37.5,,M23 11,131,M23,11,2022-06-23,LS,3,1,3,7,1 pair wings,M23 11,,40,100,-68.24638159,44.14783887
598,2,9676,9676,BE-84,40,200,L-18,201.78186,2381.526105,L16,L16,15,2,187.5,,K16 15,155,K16,15,2022-06-24,EG/LS/AP,2,0,2,4,1 pair wings,K16 15,,40,100,-68.2470917,44.15099469
599,4,9709,9709,V-56,40,200,D-13,200.0969226,2470.709748,D11,D10,0,2,0,,D10 25,611,D10,25,2022-08-16,EG/LS,0,0,0,0,,D10 25,,40,100,-68.25143608,44.15354415
600,4,9721,9721,BK-31,40,200, ,200,2500,M05,M05,26,2,325,,M05 21,653,M05,21,2022-08-18,EG/LS/HA,3,2,0,5,,M05 21,,40,100,-68.24628076,44.15576106
601,2,9726,9726,V-53,40,200,D-12,200,2500,D10,D10,0,2,0,,D10 10,612,D10,10,2022-08-16,EG/LS,0,0,0,0,,D10 10,,40,100,-68.25143266,44.15381422
602,2,9742,9742,V-105,40,200,E-22,200,2500,E20,E20,3,2,37.5,,D20 20,286,D20,20,2022-07-09,EG/LS/JM,0,0,0,0,,D20 20,,40,100,-68.25149184,44.14913292
603,1,9765,9765,BN-143,40,200,M-30,200,2500,M28,M28,13,2,162.5,,M28 9,691,M28,9,2022-08-20,EG/LS/HA,4,0,3,7,,M28 9,,40,100,-68.246034,44.14567579
604,1,9786,9786,AX-84,40,200,J-18,200,2500,J16,J16,1,2,12.5,,J16 13,152,J16,13,2022-06-24,EG/LS/AP,0,0,0,0,4 pairs wings. 28 wings in general vicinity (5 minutes walking around plot),J16 13,,40,100,-68.24796695,44.15100045
605,2,9794,9794,AZ-150,40,200,J-31,200,2500,J29,J29,0,2,0,,J29 20,224,J29,20,2022-06-29,EG/LS,0,0,0,0,,J29 20,,40,100,-68.24779234,44.14505716
606,1,9800,9800,AJ-113,40,200,G-24,200,2500,G22,G22,0,2,0,,G22 9,315,G22,9,2022-07-10,EG/LS,0,0,0,0,,G22 9,,40,100,-68.24975052,44.14840124
607,4,9810,9810,BA-171,40,200,K-36,200,2500,K34,K34,0,2,0,,K33 21,17,K33,21,2022-06-11,LS,0,0,0,0,2 HERG nests,K33 21,,40,100,-68.24769133,44.14316581
608,2,9811,9811,BG-146,40,200,L-30,200,2500,L28,L28,6,2,75,,L28 22,44,L28,22,2022-06-16,EG/LS,0,2,3,5,,L28 22,,40,100,-68.24691261,44.14541149
609,2,9822,9822,AT-171,40,200,I-35,200,2500,I33,I33,0,2,0,,I33 24,574,I33,24,2022-08-13,EG/LS,0,0,0,0,,I33 24,,40,100,-68.24856646,44.14317157
610,1,9881,9881,BM-38,40,200,M07,200,2500,M07,M07,1,2,12.5,,M07 8,396,M07,8,2022-07-21,EG/LS,0,0,1,1,,M07 8,,40,100,-68.2460387,44.15512924
611,2,9885,9885,AF-99,40,200,F-21,200,2500,F19,F19,1,2,12.5,,F19 15,276,F19,15,2022-07-09,EG/LS,0,0,0,0,,F19 15,,40,100,-68.25023468,44.14966487
612,2,9908,9908,AW-131,40,200,J-28,200,2500,J26,J26,6,2,75,,J25 22,217,J25,22,2022-06-29,EG/LS/JM,1,1,4,6,,J25 22,,40,100,-68.2481457,44.1467701
613,2,9924,9924,BP-173,40,200,M-36,200,2500,M34,M34,4,2,50,,N34 6,522,N34,6,2022-08-11,EG/LS,0,1,0,1,,N34 6,,40,100,-68.24581834,44.14297339
614,2,9925,9925,R-89,40,200,D-19,200,2500,D17,D17,0,2,0,,D17 11,494,D17,11,2022-07-30,EG/LS,0,0,0,0,,D17 11,,40,100,-68.25197377,44.1505766
615,2,9965,9965,BG-172,40,200,L-36,200,2500,L34,L34,0,2,0,,L34 2,550,L34,2,2022-08-13,EG/LS,0,0,0,0,,L34 2,,40,100,-68.24694236,44.14307084
616,1,9988,9988,BM-144,40,200,M-30,200,2500,M28,M28,13,2,162.5,,M28 13,695,M28,13,2022-08-20,EG/LS/HA,1,0,0,1,,M28 13,,40,100,-68.24616017,44.14558659
617,2,9991,9991,AY-87,40,200,J-19,200,2500,J17,J17,5,2,62.5,,J17 4,139,J17,4,2022-06-24,EG/LS/AP,0,2,0,2,1 pair wings,J17 4,,40,100,-68.24784534,44.15072956
618,2,10003,10003,BQ-36,40,200,N07,200,2500,N07,N07,0,2,0,,N06 22,405,N06,22,2022-07-21,EG/LS,2,0,2,4,,N06 22,,40,100,-68.24553623,44.15530598
619,2,10004,10004,AC-36,40,200,F07,200,2500,F07,F07,0,2,0,,F06 22,71,F06,22,2022-06-17,EG/LS,3,1,0,4,,F06 22,,40,100,-68.250538,44.15533891
620,2,6899,6899,BJ-169,40,200,L-35,200,2500,L33,L33,0,2,0,,L33 15,,,,,,,,,,,L33 15,,40,100,-68.24656387,44.14333844
621,,,,,,,,,,,,,,,,,,,,,,,,,,,,,,,,
