Plot,Subplot,Date,Surveyors,Active,Inactive,Maybe,Total,Notes,GISID,longitude,latitude
M28,15,8/20/2022,EG/LS/HA,3,0,1,4,,M28 15,-68.24591013,44.14558494
P34,21,8/12/2022,EG/LS,0,1,1,2,,P34 21,-68.24457755,44.14269861
K22,6,6/12/2022,"LS, EG",0,0,1,1,,K22 6,-68.24762501,44.14838726
N07,3,7/21/2022,EG/LS,0,0,0,0,,N07 3,-68.24541233,44.15521513
J19,9,7/8/2022,EG/LS,0,0,0,0,,J19 9,-68.24785792,44.14973928
O35,10,8/11/2022,EG/LS,2,0,0,2,,O35 10,-68.24472035,44.14252257
F22,5,7/10/2022,EG/LS,0,0,0,0,,F22 5,-68.2502495,44.14849455
L36,9,8/13/2022,EG/LS,0,0,0,0,,L36 9,-68.24670492,44.14207892
L09,24,6/25/2022,EG/LS/JM,0,0,0,0,,L09 24,-68.24660385,44.15397486
F20,17,7/9/2022,EG/LS,0,3,4,7,,F20 17,-68.25061662,44.14912718
G21,8,6/28/2022,EG/LS,0,0,0,0,,G21 8,-68.24986985,44.14885218
O33,7,8/11/2022,EG/LS,0,0,0,0,,O33 7,-68.2450625,44.14341856
K06,16,7/12/2022,EG/LS,2,3,0,5,,K06 16,-68.24753579,44.1554092
D19,16,7/9/2022,EG/LS/JM,5,6,3,14,,D19 16,-68.25194934,44.14960324
M05,4,8/18/2022,EG/LS/HA,2,2,1,5,,M05 4,-68.24590104,44.15611868
K35,14,8/13/2022,EG/LS,1,4,4,9,,K35 14,-68.24732543,44.14244314
O29,13,6/11/2022,EG,2,1,3,6,,O29 13,-68.24491567,44.14512821
L06,11,7/12/2022,EG/LS,14,2,0,16,,L06 11,-68.24690942,44.15549511
K21,24,6/12/2022,EG,0,2,0,2,,K21 24,-68.24724763,44.14856484
L08,24,6/25/2022,EG/LS/JM,0,0,0,0,,L08 24,-68.24654804,44.15441234
M17,21,7/4/2022,EG/LS,0,3,5,8,1 death,M17 21,-68.24637559,44.15035652
E07,25,6/17/2022,EG/LS,0,0,0,0,,E07 25,-68.25079379,44.15489042
L07,21,6/25/2022,EG/LS,0,0,0,0,1 pair wings,L07 21,-68.24691744,44.15486494
M05,19,8/18/2022,EG/LS/HA,6,4,5,15,1 death,M05 19,-68.24590448,44.15584861
E18,20,7/30/2022,EG/LS,0,1,2,3,1 death,E18 20,-68.25085529,44.15002907
K33,9,6/11/2022,EG,0,0,1,1,2 HERG nests,K33 9,-68.24731284,44.14343341
I06,20,7/12/2022,EG/LS,0,0,0,0,1 death,I06 20,-68.2482872,44.15532412
J13,5,7/25/2022,EG/LS/JM,0,0,0,0,,J13 5,-68.24769744,44.15252923
M24,6,6/23/2022,EG,0,1,1,2,,M24 6,-68.24638617,44.14747877
J28,10,6/29/2022,EG/LS,0,0,0,0,,J28 10,-68.24778434,44.14568733
N28,6,6/18/2022,EG/LS,0,0,0,0,,N28 6,-68.24578396,44.14567414
I12,18,7/28/2022,EG/LS/AP,0,0,0,0,,I12 18,-68.24857042,44.15271504
L20,14,7/7/2022,EG/LS/JM,1,4,2,7,,L20 14,-68.24661447,44.14919089
I28,15,7/16/2022,EG/LS,0,0,0,0,,I28 15,-68.2484106,44.14560142
O31,8,6/18/2022,EG/LS,0,0,0,0,,O31 8,-68.244926,44.14431799
M28,24,8/20/2022,EG/LS/HA,1,0,3,4,,M28 24,-68.24603744,44.14540572
M05,17,8/18/2022,EG/LS/HA,11,2,6,19,,M05 17,-68.24615457,44.15585026
O35,7,8/11/2022,EG/LS,0,0,0,0,,O35 7,-68.24507397,44.14251831
F19,16,7/9/2022,EG/LS,0,1,0,1,,F19 16,-68.25073595,44.14957813
J29,16,6/29/2022,EG/LS,0,0,0,0,,J29 16,-68.24829243,44.14506045
N33,6,8/11/2022,EG/LS,0,0,0,0,,N33 6,-68.24581261,44.14342352
M35,16,8/11/2022,EG/LS,0,0,0,0,,M35 16,-68.24645145,44.14234734
J10,14,7/5/2022,EG/LS,0,0,0,0,,J10 14,-68.24780761,44.15370038
M28,21,8/20/2022,EG/LS/HA,0,2,1,3,,M28 21,-68.24641251,44.14540819
D16,3,7/30/2022,EG/LS,0,2,0,2,,D16 3,-68.25171574,44.15120514
J20,23,7/8/2022,EG/LS,0,0,0,0,,J20 23,-68.2479921,44.1490199
M05,8,8/18/2022,EG/LS/HA,9,3,5,17,,M05 8,-68.24602723,44.15602948
F06,5,6/17/2022,EG/LS,0,0,0,0,,F06 5,-68.25015831,44.15569655
L23,16,6/23/2022,LS,0,0,1,1,,L23 16,-68.24700787,44.14775297
E05,13,7/13/2022,EG/LS/JM,0,0,0,0,,E05 13,-68.25102221,44.1559613
G18,13,6/28/2022,EG/LS,0,1,3,4,,G18 13,-68.24985388,44.15011253
L06,24,7/12/2022,EG/LS,2,1,1,4,,L06 24,-68.24653658,44.15531259
M25,12,6/22/2022,EG/LS,1,0,0,1,,M25 12,-68.24626801,44.14693779
E07,16,6/17/2022,EG/LS,0,0,0,0,,E07 16,-68.25129283,44.15498373
H04,25,7/24/2022,EG/LS/WH,0,0,0,0,,H04 25,-68.24890101,44.15622848
J06,21,7/12/2022,EG/LS,0,0,0,0,,J06 21,-68.24816216,44.1553233
M28,2,6/18/2022,EG/LS,0,5,3,8,,M28 2,-68.24628291,44.14576747
L27,24,6/22/2022,EG/LS,0,0,0,0,,L27 24,-68.24665683,44.14585997
G17,22,6/24/2022,EG/LS/AP,0,0,0,0,,G17 22,-68.2499755,44.15038343
I16,2,6/24/2022,EG/LS/AP,0,0,0,0,,I16 2,-68.24871488,44.15118544
I20,21,6/28/2022,EG/LS,0,2,0,2,,I20 21,-68.24886732,44.14902566
J31,13,8/13/2022,EG/LS,0,0,0,0,,J31 13,-68.24805267,44.14424858
E19,17,7/9/2022,EG/LS/JM,0,1,1,2,,E19 17,-68.25123608,44.14958141
D06,24,8/16/2022,EG/LS,0,0,0,0,,D06 24,-68.25153836,44.15534547
I10,22,7/5/2022,EG/LS,0,0,0,0,,I10 22,-68.24868518,44.15352609
H29,7,7/16/2022,EG/LS,0,0,0,0,,H29 7,-68.24941536,44.1452479
F15,18,7/28/2022,EG/LS/AP,0,0,0,0,,F15 18,-68.2504631,44.15137699
M28,18,8/20/2022,EG/LS/HA,0,1,0,1,,M28 18,-68.24616132,44.14549657
N04,1,7/22/2022,EG/LS,3,2,4,9,1 death,N04 1,-68.24564521,44.15656716
M25,24,6/22/2022,EG/LS,1,1,1,3,1 wing,M25 24,-68.24602025,44.14675609
J20,17,7/8/2022,EG/LS,0,0,0,0,1 death,J20 17,-68.24811599,44.14911075
N05,10,7/21/2022,EG/LS,6,2,1,9,3 deaths,N05 10,-68.24515191,44.1560237
L25,21,6/22/2022,EG/LS,1,0,0,1,,L25 21,-68.24702046,44.14676269
F07,16,6/17/2022,LS,0,0,0,0,,F07 16,-68.25066761,44.15497963
J03,17,7/24/2022,EG/LS/WH,0,0,0,0,,J03 17,-68.24801882,44.15676287
N25,25,8/19/2022,EG/LS/HA,14,6,8,28,,N25 25,-68.24527009,44.14675114
M22,12,6/23/2022,LS,9,7,9,25,1 pair wings,M22 12,-68.24625083,44.14828817
P29,17,7/13/2022,EG/LS/JM,0,0,0,0,,P29 17,-68.24446886,44.14499606
H05,21,7/13/2022,EG/LS,0,0,0,0,,H05 21,-68.2494069,44.15578164
J27,1,6/29/2022,EG/LS/JM,7,1,4,12,"4 wings, very fresh",J27 1,-68.24827758,44.14623077
M01,12,8/15/2022,EG/LS,1,1,1,3,,M01 12,-68.2461305,44.15774078
N25,17,8/19/2022,EG/LS/HA,4,0,3,7,,N25 17,-68.24564403,44.14684364
I22,3,7/10/2022,EG/LS,0,0,0,0,,I22 3,-68.24862411,44.14848387
J34,22,8/13/2022,EG/LS,1,4,4,9,,J34 22,-68.24818931,44.14272332
G05,15,7/13/2022,EG/LS,0,0,0,0,,G05 15,-68.24952966,44.15596251
H31,2,8/13/2022,EG/LS,0,0,0,0,,H31 2,-68.24942563,44.14443767
N07,8,7/21/2022,EG/LS,0,0,0,0,near otter stream thing,N07 8,-68.24541348,44.15512511
M21,14,6/12/2022,LS,0,1,1,2,,M21 14,-68.24599504,44.14873664
L32,2,6/11/2022,LS,0,0,0,0,,L32 2,-68.24693092,44.14397109
M04,13,7/24/2022,EG/LS/WH,7,2,6,15,2 deaths,M04 13,-68.24602265,44.15638958
B07,10,8/16/2022,EG/LS,0,0,0,0,,B07 10,-68.25266604,44.15517278
K08,3,6/25/2022,EG/LS/JM,0,2,0,2,,K08 3,-68.24729371,44.15477738
P31,1,8/12/2022,EG/LS,0,0,0,0,,P31 1,-68.24454979,44.14440553
J24,25,6/23/2022,LS,1,0,2,3,,J24 25,-68.2477649,44.14721776
I12,8,7/28/2022,EG/LS/AP,0,0,0,0,,I12 8,-68.24856814,44.15289509
O26,24,6/16/2022,EG/LS,4,1,2,7,,O26 24,-68.24477825,44.14629838
M28,25,8/20/2022,EG/LS/HA,0,2,0,2,,M28 25,-68.24591242,44.14540489
F05,14,7/13/2022,EG/LS,0,0,0,0,,F05 14,-68.25027994,44.15596744
J18,18,7/8/2022,EG/LS,0,0,0,0,,J18 18,-68.24797952,44.15001018
N25,10,8/19/2022,EG/LS/HA,10,4,12,26,,N25 10,-68.24526665,44.14702122
M03,13,7/24/2022,EG/LS/WH,6,0,0,6,,M03 13,-68.24601691,44.15683971
M05,10,8/18/2022,EG/LS/HA,0,0,1,1,1 death,M05 10,-68.24577714,44.15602783
M05,23,8/18/2022,EG/LS/HA,9,2,4,15,,M05 23,-68.24603067,44.15575941
G02,23,8/15/2022,EG/LS,0,0,0,0,,G02 23,-68.24976304,44.15713329
I17,19,6/24/2022,EG/LS/AP,0,0,0,0,,I17 19,-68.24847395,44.1504636
K23,25,6/23/2022,EG/LS/JM,0,0,0,0,,K23 25,-68.24713405,44.14766376
F16,17,7/9/2022,EG/LS,0,0,0,0,,F16 17,-68.25059383,44.15092768
H15,3,7/28/2022,EG/LS/AP,0,0,0,0,,H15 3,-68.24920931,44.15163885
L08,21,6/25/2022,EG/LS/JM,0,0,0,0,,L08 21,-68.24692316,44.15441481
G02,20,8/15/2022,EG/LS,0,0,0,0,,G02 20,-68.24951369,44.15722286
M05,6,8/18/2022,EG/LS/HA,12,2,4,18,,M05 6,-68.24627732,44.15603114
N30,21,6/11/2022,LS,8,2,1,11,,N30 21,-68.24579886,44.14450382
M05,7,8/18/2022,EG/LS/HA,30,2,5,37,,M05 7,-68.24615228,44.15603031
K24,23,6/23/2022,EG/JM,0,0,0,0,,K24 23,-68.24738982,44.14721529
K25,10,6/22/2022,EG/LS,0,0,2,2,1 wing,K25 10,-68.24714206,44.14703359
H22,19,7/10/2022,EG/LS,0,0,0,0,,H22 19,-68.24912765,44.14821708
D08,16,8/16/2022,EG/LS,0,0,0,0,,D08 16,-68.25192373,44.1545377
L19,25,7/7/2022,EG/LS/JM,0,3,2,5,1 wing,L19 25,-68.246486,44.14946014
N25,2,8/19/2022,EG/LS/HA,4,1,1,6,,N25 2,-68.24564059,44.14711372
I30,21,7/16/2022,EG/LS,0,0,0,0,2 HERG nests,I30 21,-68.2489244,44.14452441
E15,24,7/30/2022,EG/LS,0,2,0,2,,E15 24,-68.25096438,44.15129024
G09,5,6/17/2022,LS,0,0,0,0,,G09 5,-68.2495502,44.15434207
H19,3,6/28/2022,EG/LS,0,0,1,1,,H19 3,-68.24923214,44.14983835
G20,4,6/28/2022,EG/LS,1,4,1,6,"2 pairs wings, otter scat",G20 4,-68.24973797,44.14939151
I16,12,6/24/2022,EG/LS/AP,0,3,5,8,,I16 12,-68.24871716,44.15100539
G03,21,8/15/2022,EG/LS,0,0,0,0,,G03 21,-68.25002072,44.156686
N21,1,7/4/2022,EG/LS,0,2,0,2,,N21 1,-68.24577749,44.14892268
M05,22,8/18/2022,EG/LS/HA,6,2,0,8,,M05 22,-68.24615572,44.15576024
I08,1,6/25/2022,EG/LS/JM,0,0,0,0,,I08 1,-68.24879423,44.15478726
O30,2,6/11/2022,LS,3,0,1,4,,O30 2,-68.24504414,44.14485896
H22,7,7/10/2022,EG/LS,0,0,0,0,,H22 7,-68.24937543,44.14839877
F07,1,6/17/2022,EG,0,0,0,0,,F07 1,-68.25066419,44.1552497
B08,7,8/16/2022,EG/LS,0,0,0,0,,B08 7,-68.25298802,44.15476779
I02,5,8/15/2022,EG/LS,0,0,0,0,,I02 5,-68.24825977,44.15748472
N36,6,8/11/2022,EG/LS,0,0,0,0,,N36 6,-68.2458298,44.14207314
G19,11,6/28/2022,EG/LS,0,0,0,0,,G19 11,-68.25010965,44.14966405
O27,1,6/19/2022,LS,0,4,2,6,,O27 1,-68.24515195,44.14621016
J01,24,8/15/2022,EG/LS,0,0,0,0,,J01 24,-68.24775843,44.15757145
P33,19,8/12/2022,EG/LS,0,0,0,0,,P33 19,-68.24418966,44.14323273
J04,23,7/24/2022,EG/LS/WH,0,0,0,0,,J04 23,-68.24790063,44.1562219
H15,14,7/28/2022,EG/LS/AP,0,0,0,0,,H15 14,-68.24908656,44.15145798
I01,13,8/15/2022,EG/LS,0,0,0,0,,I01 13,-68.24850191,44.15774071
K18,14,7/8/2022,EG/LS,0,0,0,0,,K18 14,-68.24722818,44.15009526
H18,14,6/28/2022,EG/LS,0,1,1,2,,H18 14,-68.24910368,44.15010761
M21,21,6/12/2022,EG,0,2,0,2,,M21 21,-68.24637242,44.14855907
L30,21,6/16/2022,LS,0,0,0,0,,L30 21,-68.24704907,44.14451207
N25,24,8/19/2022,EG/LS/HA,13,3,6,22,,N25 24,-68.24539512,44.14675197
G15,13,7/28/2022,EG/LS/AP,0,0,0,0,,G15 13,-68.24983678,44.15146291
H27,18,7/16/2022,EG/LS,0,0,0,0,,H27 18,-68.24928121,44.14596728
M28,12,8/20/2022,EG/LS/HA,2,0,0,2,,M28 12,-68.2462852,44.14558742
F09,9,6/17/2022,LS,0,0,0,0,,F09 9,-68.25030159,44.15425697
N25,22,8/19/2022,EG/LS/HA,2,0,0,2,,N25 22,-68.24564517,44.14675362
K14,8,7/25/2022,EG/LS/JM,0,0,0,0,,K14 8,-68.24737504,44.15196296
H06,18,7/12/2022,EG/LS,0,0,0,0,incl. cabin,H06 18,-68.24916137,44.1554199
H16,12,6/24/2022,EG/LS/AP,0,3,0,3,,H16 12,-68.24934234,44.1510095
H14,5,7/28/2022,EG/LS/AP,0,0,0,0,,H14 5,-68.24895353,44.15208733
H16,23,6/24/2022,EG/LS/AP,0,0,0,0,1 pair wings,H16 23,-68.24921959,44.15082863
F08,3,6/17/2022,EG,0,0,0,0,,F08 3,-68.2504198,44.15479794
I22,6,7/10/2022,EG/LS,0,0,0,0,,I22 6,-68.24887531,44.14839549
M05,15,8/18/2022,EG/LS/HA,0,0,0,0,,M05 15,-68.24577829,44.15593781
M28,19,8/20/2022,EG/LS/HA,4,0,0,4,,M28 19,-68.2460363,44.14549574
O28,20,6/18/2022,EG/LS,0,0,0,0,,O28 20,-68.24466104,44.14548666
J32,8,8/13/2022,EG/LS,0,0,0,0,,J32 8,-68.24805725,44.14388848
I24,22,7/10/2022,EG/LS,0,0,0,0,,I24 22,-68.24876512,44.14722434
G21,3,6/28/2022,EG/LS,0,0,0,0,1 wing,G21 3,-68.24986871,44.14894221
L33,19,6/11/2022,LS,0,0,0,0,,L33 19,-68.24669004,44.14324924
G17,10,6/24/2022,EG/LS/AP,0,0,0,0,,G17 10,-68.24959697,44.15065104
N24,20,6/26/2022,EG/LS,15,8,11,34,4 pairs wings  ,N24 20,-68.24526321,44.14729129
J34,13,8/13/2022,EG/LS,0,0,0,0,,J34 13,-68.24806982,44.1428982
K04,7,7/24/2022,EG/LS/WH,9,1,4,14,2 deaths,K04 7,-68.24739702,44.15648868
H07,21,6/25/2022,EG/LS,0,0,0,0,,H07 21,-68.24941831,44.15488139
H23,9,7/10/2022,EG/LS,0,0,0,0,,H23 9,-68.24913108,44.14794701
G04,24,8/15/2022,EG/LS,0,0,0,0,,G04 24,-68.24965128,44.15623341
H03,1,7/24/2022,EG/LS/WH,0,0,0,0,,H03 1,-68.24939092,44.15704199
H01,19,8/15/2022,EG/LS,0,0,0,0,,H01 19,-68.24900316,44.1576589
M05,9,8/18/2022,EG/LS/HA,6,5,6,17,2 deaths,M05 9,-68.24590219,44.15602866
O06,7,7/21/2022,EG/LS,8,1,0,9,1 death,O06 7,-68.24490958,44.15558013
L30,17,6/16/2022,EG,2,1,1,4,,L30 17,-68.24692291,44.14460127
O32,12,8/11/2022,EG/LS,0,0,0,0,,O32 12,-68.24505791,44.14377866
I32,2,8/13/2022,EG/LS,0,0,0,0,,I32 2,-68.24880623,44.14398344
L07,23,6/25/2022,EG/LS,0,0,0,0,1 pair wings,L07 23,-68.24666735,44.15486329
N34,17,8/11/2022,EG/LS,0,0,0,0,incl. foundation,N34 17,-68.24569562,44.14279252
N35,24,8/11/2022,EG/LS,0,0,0,0,,N35 24,-68.24545246,44.14225072
O27,2,6/19/2022,EG/JM,0,0,1,1,,O27 2,-68.24502693,44.14620934
M22,7,6/23/2022,EG,8,5,6,19,3 pairs wings,M22 7,-68.24624968,44.14837819
L21,24,6/12/2022,EG,2,2,2,6,,L21 24,-68.24662248,44.14856072
M01,17,8/15/2022,EG/LS,0,0,2,2,,M01 17,-68.24613165,44.15765076
E18,14,7/30/2022,EG/LS,0,4,0,4,,E18 14,-68.25097919,44.15011992
I27,5,7/16/2022,EG/LS,4,0,0,4,,I27 5,-68.24840261,44.1462316
M06,15,7/21/2022,EG/LS,8,1,3,12,,M06 15,-68.24578402,44.15548768
M28,17,8/20/2022,EG/LS/HA,2,1,1,4,,M28 17,-68.24628634,44.14549739
J31,14,8/13/2022,EG/LS,0,0,0,0,,J31 14,-68.24792765,44.14424775
C08,11,8/16/2022,EG/LS,0,0,0,0,,C08 11,-68.25254781,44.15463182
E17,12,7/30/2022,EG/LS,0,0,0,0,,E17 12,-68.25122356,44.15057168
M27,13,6/18/2022,EG/LS,2,2,2,6,,M27 13,-68.24615444,44.14603672
K24,9,6/23/2022,LS,0,1,0,1,,K24 9,-68.24726136,44.14748454
N27,18,6/18/2022,EG/LS,6,3,3,12,,N27 18,-68.24553047,44.14594257
J19,20,7/8/2022,EG/LS,1,0,1,2,,J19 20,-68.24773518,44.14955841
J15,4,7/25/2022,EG/LS/JM,0,1,0,1,,J15 4,-68.24783391,44.15162981
I27,19,7/16/2022,EG/LS,7,0,1,8,1 death,I27 19,-68.24853106,44.14596234
H28,3,7/16/2022,EG/LS,0,0,0,0,,H28 3,-68.24928349,44.14578723
K02,18,8/15/2022,EG/LS,0,2,4,6,,K02 18,-68.24726281,44.15720805
M05,5,8/18/2022,EG/LS/HA,10,3,5,18,,M05 5,-68.24577599,44.15611786
J22,11,6/12/2022,LS,0,0,0,0,,J22 11,-68.2482513,44.14830135
M05,1,8/18/2022,EG/LS/HA,15,4,4,23,,M05 1,-68.24627618,44.15612116
H08,4,6/25/2022,EG/LS/JM,0,1,0,1,,H08 4,-68.24904432,44.1547889
P33,21,8/12/2022,EG/LS,0,0,0,0,,P33 21,-68.24456586,44.14314518
L02,6,8/15/2022,EG/LS,0,0,2,2,,L02 6,-68.24688538,44.15738563
N25,16,8/19/2022,EG/LS/HA,3,0,3,6,,N25 16,-68.24576905,44.14684447
I29,6,7/16/2022,EG/LS,0,0,0,0,,I29 6,-68.24891527,44.14524461
N31,5,6/18/2022,EG/LS,0,0,0,0,,N31 5,-68.24529992,44.14441049
L09,14,6/25/2022,EG/LS/JM,0,0,0,0,,L09 14,-68.24655937,44.15414633
N25,21,8/19/2022,EG/LS/HA,3,1,2,6,,N25 21,-68.2457702,44.14675444
H25,20,7/10/2022,EG/LS,4,2,0,6,,H25 20,-68.24901974,44.14686588
M27,3,6/18/2022,EG/LS,5,1,3,9,,M27 3,-68.24615215,44.14621677
D15,16,7/30/2022,EG/LS,0,4,1,5,1 death,D15 16,-68.25196353,44.15138682
J27,25,6/29/2022,EG/LS/JM,5,3,6,14,,J27 25,-68.24778205,44.14586738
O34,19,8/11/2022,EG/LS,0,0,0,0,,O34 19,-68.24482049,44.14278674
K16,25,6/24/2022,EG/LS/AP,4,1,0,5,,K16 25,-68.24709399,44.15081464
J33,24,8/13/2022,EG/LS,0,0,0,0,,J33 24,-68.24794137,44.14316745
O29,21,6/11/2022,LS,0,1,0,1,,O29 21,-68.24516801,44.14494981
N25,3,8/19/2022,EG/LS/HA,2,1,2,5,,N25 3,-68.24551556,44.14711289
F04,5,8/15/2022,EG/LS,0,0,0,0,,F04 5,-68.25014691,44.1565968
J07,8,6/25/2022,EG/LS,0,1,0,1,,J07 8,-68.24791436,44.1551416
L28,2,6/16/2022,EG/LS,0,1,0,1,,L28 2,-68.24690803,44.14577159
K17,18,6/24/2022,EG/LS/AP,0,5,1,6,,K17 18,-68.24734864,44.15045619
K22,21,6/12/2022,EG,0,0,0,0,,K22 21,-68.24762844,44.14811718
K20,25,7/8/2022,EG/LS,0,0,1,1,,K20 25,-68.24711688,44.14901414
N36,11,8/11/2022,EG/LS,0,0,0,0,,N36 11,-68.24584377,44.14202261
M03,17,7/24/2022,EG/LS/WH,7,4,6,17,,M03 17,-68.24614311,44.15675051
H30,12,8/13/2022,EG/LS,0,0,0,0,,H30 12,-68.2494222,44.14470775
N25,5,6/22/2022,EG/LS,8,6,4,18,,N25 5,-68.24526551,44.14711124
I23,14,7/10/2022,EG/LS,0,0,0,0,,I23 14,-68.24850707,44.14785287
N25,15,8/19/2022,EG/LS/HA,6,2,6,14,,N25 15,-68.2452678,44.14693119
N23,1,6/26/2022,EG/LS,4,1,3,8,,N23 1,-68.24575415,44.14801479
H17,16,6/24/2022,EG/LS/AP,0,0,0,0,,H17 16,-68.24947422,44.15047017
F17,12,7/9/2022,EG/LS,0,0,0,0,1 death,F17 12,-68.25059839,44.15056758
C19,5,7/9/2022,EG/LS/JM,0,0,0,0,,C19 5,-68.25208424,44.14986124
K32,11,6/11/2022,EG,0,0,0,0,,K32 11,-68.24768333,44.14379598
E20,15,7/9/2022,EG/LS/JM,0,1,0,1,1 death,E20 15,-68.25086554,44.14921885
M05,18,8/18/2022,EG/LS/HA,6,2,4,12,1 death,M05 18,-68.24602952,44.15584944
M26,10,6/22/2022,EG/LS,2,0,1,3,1 pair wings,M26 10,-68.24589752,44.14657522
K18,23,7/8/2022,EG/LS,1,2,4,7,,K18 23,-68.2473555,44.14991604
J12,20,7/25/2022,EG/LS/JM,0,0,0,0,,J12 20,-68.24769515,44.15270928
J09,5,6/25/2022,EG/LS/JM,0,2,1,3,,J09 5,-68.24767456,44.15432973
O05,19,7/22/2022,EG/LS,2,2,3,7,,O05 19,-68.24465402,44.15584035
M05,2,8/18/2022,EG/LS/HA,0,1,1,2,,M05 2,-68.24615113,44.15612033
M36,22,8/11/2022,EG/LS,0,0,0,0,,M36 22,-68.24638858,44.14184913
K34,9,8/13/2022,EG/LS,0,0,0,0,,K34 9,-68.24731856,44.14298329
L22,11,6/23/2022,EG/LS,0,1,0,1,,L22 11,-68.24700101,44.14829312
H27,20,7/16/2022,EG/LS,0,0,0,0,otter shellfish leavings?,H27 20,-68.24903116,44.14596563
N32,20,8/11/2022,EG/LS,2,1,0,3,,N32 20,-68.24530909,44.14369029
M23,1,6/23/2022,EG,5,3,1,9,,M23 1,-68.24637929,44.14801892
D09,25,8/16/2022,EG/LS,0,0,0,0,,D09 25,-68.25143039,44.15399427
H13,15,7/28/2022,EG/LS/AP,0,3,0,3,,H13 15,-68.24895011,44.15235741
O33,21,8/11/2022,EG/LS,1,0,0,1,,O33 21,-68.24519096,44.14314931
M28,3,8/20/2022,EG/LS/HA,3,1,1,5,,M28 3,-68.24615788,44.14576664
I34,4,8/13/2022,EG/LS,0,0,0,0,,I34 4,-68.24856761,44.14308154
H03,14,7/24/2022,EG/LS/WH,0,0,0,0,,H03 14,-68.24901806,44.15685948
J32,2,8/13/2022,EG/LS,0,2,0,2,,J32 2,-68.24818112,44.14397933
F08,14,6/17/2022,LS,0,0,0,0,,F08 14,-68.25029703,44.15461707
H31,18,8/13/2022,EG/LS,0,0,0,0,,H31 18,-68.24930403,44.14416678
M08,12,7/21/2022,EG/LS,0,0,0,0,,M08 12,-68.24617062,44.15458991
C08,24,8/16/2022,EG/LS,0,0,0,0,,C08 24,-68.25217495,44.15444931
C17,24,7/30/2022,EG/LS,2,2,3,7,2 deaths,C17 24,-68.25222611,44.15039819
H19,21,6/28/2022,EG/LS,0,0,0,0,,H19 21,-68.24948677,44.1494799
O28,10,6/18/2022,EG/LS,3,0,4,7,,O28 10,-68.24465874,44.14566671
H04,19,7/24/2022,EG/LS/WH,0,0,0,0,,H04 19,-68.24902491,44.15631933
O25,6,6/22/2022,EG/LS,8,4,7,19,2 wings,O25 6,-68.24514163,44.14702039
L18,12,7/7/2022,EG/LS/JM,0,0,0,0,,L18 12,-68.24685308,44.15009279
H20,15,6/28/2022,EG/LS,0,0,0,0,,H20 15,-68.24899006,44.14920653
K19,2,7/8/2022,EG/LS,0,1,0,1,,K19 2,-68.24748168,44.14982684
D07,22,8/16/2022,EG/LS,0,0,0,0,,D07 22,-68.25179414,44.15489698
D17,10,7/30/2022,EG/LS,0,0,0,0,1 death,D17 10,-68.25147249,44.15066335
F18,13,7/9/2022,EG/LS,0,0,0,0,1 death,F18 13,-68.25047905,44.15011664
H10,21,7/5/2022,EG/LS,0,0,0,0,,H10 21,-68.24943543,44.15353102
H08,17,6/25/2022,EG/LS/JM,0,0,0,0,,H08 17,-68.24929783,44.15452047
G19,21,6/28/2022,EG/LS,1,1,0,2,1 wing,G19 21,-68.25011193,44.149484
E09,3,6/17/2022,EG,0,0,0,0,,E09 3,-68.25105071,44.15435191
J24,11,6/23/2022,EG/LS/JM,0,0,0,0,,J24 11,-68.24826273,44.1474011
J05,19,7/13/2022,EG/LS,0,0,0,0,,J05 19,-68.24778016,44.15586098
N20,21,7/4/2022,EG/LS,0,2,3,5,,N20 21,-68.24577703,44.14898121
M35,7,8/11/2022,EG/LS,0,0,0,0,,M35 7,-68.24632414,44.14252657
M28,4,8/20/2022,EG/LS/HA,1,0,0,1,,M28 4,-68.24603286,44.14576582
K19,22,7/8/2022,EG/LS,0,0,0,0,,K19 22,-68.24748625,44.14946674
E15,7,7/30/2022,EG/LS,0,0,0,0,,E15 7,-68.25121104,44.15156196
E19,7,7/9/2022,EG/LS/JM,0,0,0,0,,E19 7,-68.25123381,44.14976146
L17,10,7/4/2022,EG/LS,0,0,0,0,,L17 10,-68.24652674,44.15061163
H13,20,7/28/2022,EG/LS/AP,1,0,2,3,,H13 20,-68.24895125,44.15226738
I15,10,7/28/2022,EG/LS/AP,0,3,2,5,1 death,I15 10,-68.2483352,44.15154307
E14,15,7/30/2022,EG/LS,0,0,0,0,,E14 15,-68.25083138,44.1519196
K17,7,6/24/2022,EG/LS/AP,0,0,0,0,,K17 7,-68.24747138,44.15063706
I08,8,6/25/2022,EG/LS/JM,0,0,0,0,,I08 8,-68.24854529,44.15469559
J30,17,6/29/2022,EG/LS,0,0,0,0,,J30 17,-68.24817313,44.1446095
K31,25,6/16/2022,LS,0,0,0,0,,K31 25,-68.24717982,44.14406276
J21,13,6/12/2022,LS,4,3,1,8,,J21 13,-68.24799553,44.14874983
J14,11,7/25/2022,EG/LS/JM,0,0,0,0,,J14 11,-68.24820559,44.15190235
M28,10,6/18/2022,EG/LS,3,0,2,5,1 pair wings,M28 10,-68.24590898,44.14567497
L18,2,7/7/2022,EG/LS/JM,0,0,0,0,,L18 2,-68.24685079,44.15027284
H05,9,7/13/2022,EG/LS,0,0,0,0,,H05 9,-68.24902834,44.15604925
I21,15,6/28/2022,EG/LS,0,0,0,0,,I21 15,-68.24837062,44.1487523
I06,15,7/12/2022,EG/LS,0,0,0,0,,I06 15,-68.24828606,44.15541414
M28,5,8/20/2022,EG/LS/HA,0,0,0,0,,M28 5,-68.24590783,44.14576499
F21,16,7/9/2022,EG/LS,0,0,0,0,,F21 16,-68.25074734,44.14867788
I18,2,6/28/2022,EG/LS,0,1,2,3,,I18 2,-68.2487263,44.15028519
M28,20,8/20/2022,EG/LS/HA,1,0,3,4,,M28 20,-68.24591127,44.14549492
C07,2,8/16/2022,EG/LS,0,0,0,0,,C07 2,-68.25241481,44.15526117
I04,13,7/24/2022,EG/LS/WH,0,0,0,0,,I04 13,-68.24852358,44.15640606
I14,10,7/28/2022,EG/LS/AP,0,2,0,2,,I14 10,-68.24832949,44.1519932
H18,10,6/28/2022,EG/LS,0,1,0,1,,H18 10,-68.24897751,44.15019681
O05,11,7/22/2022,EG/LS,7,2,1,10,,O05 11,-68.24502801,44.15593285
M31,2,6/18/2022,EG/LS,2,2,1,5,,M31 2,-68.24630009,44.14441709
N24,2,6/26/2022,EG/LS,4,3,3,10,1 wing,N24 2,-68.24563485,44.14756384
L03,1,7/24/2022,EG/LS/WH,7,3,4,14,3 deaths,L03 1,-68.24688996,44.15702553
F20,13,7/9/2022,EG/LS,1,1,3,5,1 death,F20 13,-68.25049044,44.14921639
G16,1,6/24/2022,EG/LS/AP,0,0,0,0,1 pair wings,G16 1,-68.25009027,44.15119448
J26,21,6/29/2022,EG/LS/JM,2,2,2,6,,J26 21,-68.24827644,44.1463208
I26,1,7/10/2022,EG/LS,0,0,0,0,,I26 1,-68.248897,44.14668501
M20,6,6/24/2022,EG/LS/AP,0,0,0,0,,M20 6,-68.24636326,44.14927927
K15,24,7/25/2022,EG/LS/JM,0,0,0,0,1 death,K15 24,-68.2472133,44.15126559
M28,1,8/20/2022,EG/LS/HA,3,2,2,7,,M28 1,-68.24640793,44.14576829
L29,2,6/16/2022,LS,0,0,0,0,,L29 2,-68.24691375,44.14532147
N06,2,7/21/2022,EG/LS,2,2,1,5,1 death,N06 2,-68.24553164,44.15566608
I32,3,8/13/2022,EG/LS,0,0,0,0,,I32 3,-68.24868121,44.14398262
K27,10,6/22/2022,LS,0,0,0,0,,K27 10,-68.2471535,44.14613334
P32,20,8/12/2022,EG/LS,0,0,0,0,,P32 20,-68.24408004,44.14367597
K09,20,6/25/2022,EG/LS/JM,0,0,0,0,,K09 20,-68.24705278,44.15405554
K32,6,6/11/2022,LS,0,0,1,1,1 HERG nest,K32 6,-68.24768218,44.14388601
F21,10,7/9/2022,EG/LS,0,0,0,0,,F21 10,-68.25024494,44.14885465
M28,11,8/20/2022,EG/LS/HA,1,2,0,3,,M28 11,-68.24641022,44.14558824
L27,4,6/22/2022,EG/LS,0,2,0,2,,L27 4,-68.24665225,44.14622007
M05,25,7/21/2022,EG/LS,1,1,1,3,2 deaths,M05 25,-68.24578058,44.15575776
N25,11,8/19/2022,EG/LS/HA,6,0,2,8,,N25 11,-68.24576791,44.14693449
M05,11,8/18/2022,EG/LS/HA,12,1,2,15,,M05 11,-68.24627847,44.15594111
G15,25,7/28/2022,EG/LS/AP,0,0,1,1,,G15 25,-68.24958899,44.15128122
N28,20,6/18/2022,EG/LS,14,2,5,21,,N28 20,-68.24528615,44.14549079
O25,23,6/22/2022,EG/LS,6,1,3,10,,O25 23,-68.24489502,44.14674866
L04,11,7/24/2022,EG/LS/WH,9,1,7,17,1 death,L04 11,-68.24689797,44.15639536
G08,8,6/17/2022,EG,0,0,0,0,,G08 8,-68.24979572,44.15470381
E21,10,7/9/2022,EG/LS/JM,0,0,0,0,,E21 10,-68.25087009,44.14885875
J08,10,6/25/2022,EG/LS/JM,0,0,0,0,,J08 10,-68.24766999,44.15468983
D19,22,7/9/2022,EG/LS/JM,1,0,1,2,1 death,D19 22,-68.25185987,44.14949821
F10,5,7/5/2022,EG/LS,0,0,0,0,,F10 5,-68.25018111,44.15389605
M05,14,8/18/2022,EG/LS/HA,1,1,1,3,,M05 14,-68.24590333,44.15593863
M05,24,7/21/2022,EG/LS,15,6,2,23,,M05 24,-68.24590563,44.15575858
I07,24,6/25/2022,EG/LS,0,1,0,1,,I07 24,-68.24841796,44.15487482
I05,5,7/13/2022,EG/LS,0,0,0,0,,I05 5,-68.24827692,44.15613434
N25,13,8/19/2022,EG/LS/HA,2,2,1,5,,N25 13,-68.24551785,44.14693284
J06,18,7/12/2022,EG/LS,0,0,0,0,,J06 18,-68.24791093,44.15541167
M02,17,8/15/2022,EG/LS,16,3,2,21,,M02 17,-68.24613738,44.15720063
K30,10,6/16/2022,EG,2,1,2,5,,K30 10,-68.24717066,44.14478296
I31,5,8/13/2022,EG/LS,0,0,0,0,,I31 5,-68.24842545,44.1444311
N29,1,6/11/2022,LS,7,3,1,11,,N29 1,-68.24578854,44.14531404
J10,21,7/5/2022,EG/LS,0,0,0,0,blueberries!,J10 21,-68.24818502,44.1535228
K07,12,6/25/2022,EG/LS,3,1,2,6,,K07 12,-68.24741532,44.15504828
E17,10,7/30/2022,EG/LS,0,0,0,0,1 death,E17 10,-68.25084732,44.15065925
G07,17,6/17/2022,LS,0,0,0,0,,G07 17,-68.24991734,44.1549747
K35,24,8/13/2022,EG/LS,0,0,0,0,,K35 24,-68.24731644,44.14226905
M24,1,6/23/2022,LS,1,0,0,1,,M24 1,-68.24638502,44.14756879
I28,5,7/16/2022,EG/LS,2,0,2,4,1 death,I28 5,-68.24840946,44.14569145
K15,12,7/25/2022,EG/LS/JM,0,1,0,1,1 death,K15 12,-68.24746109,44.15144728
I17,18,6/24/2022,EG/LS/AP,0,0,0,0,,I17 18,-68.24859898,44.15046442
I19,21,6/28/2022,EG/LS,0,3,1,4,,I19 21,-68.24886161,44.14947579
D16,5,7/30/2022,EG/LS,0,2,0,2,,D16 5,-68.25146567,44.1512035
J17,25,6/24/2022,EG/LS/AP,0,3,0,3,3 pairs wings,J17 25,-68.24772488,44.15036863
Q33,5,8/12/2022,EG/LS,0,0,0,0,,Q33 5,-68.24397816,44.14349771
M36,4,8/11/2022,EG/LS,0,0,0,0,,M36 4,-68.24607869,44.14216482
E08,11,6/17/2022,EG/LS,0,0,0,0,,E08 11,-68.25129738,44.15462363
J14,16,7/25/2022,EG/LS/JM,0,1,0,1,,J14 16,-68.24820673,44.15181232
N04,22,7/22/2022,EG/LS,3,0,1,4,1 death,N04 22,-68.24552475,44.15620623
L19,14,7/7/2022,EG/LS/JM,0,2,0,2,1 wing,L19 14,-68.24660874,44.14964102
G22,5,7/10/2022,EG/LS,0,0,0,0,,G22 5,-68.24962435,44.14849044
H17,7,6/24/2022,EG/LS/AP,0,0,0,0,,H17 7,-68.2493469,44.1506494
K28,16,6/16/2022,EG/LS,6,4,3,13,,K28 16,-68.2476616,44.14550646
K05,18,7/13/2022,EG/LS,15,4,5,24,,K05 18,-68.24727998,44.15585768
E09,22,6/17/2022,LS,0,0,0,0,,E09 22,-68.2511803,44.15399263
L26,23,6/22/2022,EG/LS,0,0,0,0,,L26 23,-68.24677613,44.14631092
N25,18,8/19/2022,EG/LS/HA,1,0,0,1,,N25 18,-68.245519,44.14684282
K05,20,7/13/2022,EG/LS,11,2,5,18,,K05 20,-68.24702989,44.15585603
J02,23,8/15/2022,EG/LS,0,2,1,3,,J02 23,-68.2478892,44.15712215
G10,7,7/5/2022,EG/LS,0,0,0,0,,G10 7,-68.24980713,44.15380356
N32,11,8/11/2022,EG/LS,0,1,2,3,,N32 11,-68.24580803,44.14378362
N25,8,8/19/2022,EG/LS/HA,1,2,2,5,,N25 8,-68.24551671,44.14702287
M04,3,7/24/2022,EG/LS/WH,14,3,4,21,3 deaths,M04 3,-68.24602035,44.15656963
L35,17,8/13/2022,EG/LS,2,0,3,5,,L35 17,-68.24695152,44.14235064
M05,16,8/18/2022,EG/LS/HA,6,0,3,9,,M05 16,-68.24627962,44.15585109
M29,22,6/11/2022,"EG, LS",2,1,0,3,,M29 22,-68.24629322,44.14495724
E10,22,7/5/2022,EG/LS,0,0,0,0,,E10 22,-68.251186,44.15354251
M05,12,8/18/2022,EG/LS/HA,20,5,5,30,,M05 12,-68.24615342,44.15594029
J33,7,8/13/2022,EG/LS,0,0,0,0,,J33 7,-68.24806296,44.14343835
N31,15,6/18/2022,EG/LS,0,0,0,0,,N31 15,-68.24530221,44.14423044
I13,8,7/28/2022,EG/LS/AP,0,0,0,0,,I13 8,-68.24857385,44.15244497
H20,18,6/28/2022,EG/LS,1,2,2,5,,H20 18,-68.24924127,44.14911815
I03,12,7/24/2022,EG/LS/WH,0,0,0,0,,I03 12,-68.24864292,44.15685701
E16,17,7/30/2022,EG/LS,0,0,0,0,,E16 17,-68.25121901,44.15093178
N01,17,7/22/2022,EG/LS,1,0,1,2,1 death,N01 17,-68.2455064,44.15764663
K21,14,6/12/2022,LS,2,2,2,6,,K21 14,-68.24724534,44.14874489
K28,19,6/16/2022,EG/LS,1,3,0,4,,K28 19,-68.24728653,44.14550399
L32,16,6/11/2022,EG,0,0,0,0,,L32 16,-68.24705937,44.14370184
L31,16,6/12/2022,LS,0,0,0,0,,L31 16,-68.24705251,44.14424199
K23,12,6/23/2022,LS,0,0,0,0,,K23 12,-68.24750684,44.14784629
I19,15,6/28/2022,EG/LS,0,1,0,1,,I19 15,-68.24835919,44.14965255
M28,8,8/20/2022,EG/LS/HA,3,0,2,5,,M28 8,-68.24615903,44.14567662
,,,,,,,,,,-68.24879823,44.14461361
,,,,,,,,,,-68.24514622,44.14666029
,,,,,,,,,,-68.24954792,44.15452212
,,,,,,,,,,-68.24982537,44.15236316
,,,,,,,,,,-68.24957758,44.15218147
,,,,,,,,,,-68.25183964,44.15129598
,,,,,,,,,,-68.24465989,44.14557668
,,,,,,,,,,-68.24642626,44.14432789
K35,10,,,,,,,,K35 10,-68.24781839,44.14253968
M32,22,8/11/2022,EG/LS,0,0,0,0,,M32 22,-68.2463104,44.14360687
O30,1,6/11/2022,EG,0,0,0,0,,O30 1,-68.24516916,44.14485979
N29,6,6/11/2022,EG ,7,5,6,18,,N29 6,-68.24578969,44.14522402
J03,10,7/24/2022,EG/LS/WH,0,1,1,2,,J03 10,-68.24764139,44.15694045
H07,23,6/25/2022,EG/LS,1,2,0,3,,H07 23,-68.24916822,44.15487975
K29,12,6/16/2022,EG,4,1,1,6,,K29 12,-68.24754115,44.14514554
N26,8,6/22/2022,LS,4,1,0,5,,N26 8,-68.24552244,44.14657274
M33,14,8/11/2022,EG/LS,0,0,0,0,,M33 14,-68.2460638,44.14333514
K26,11,6/22/2022,LS,0,1,0,1,,K26 11,-68.24764903,44.14649673
I21,25,6/28/2022,EG/LS,0,0,0,0,,I21 25,-68.2483729,44.14857225
K29,11,6/16/2022,LS,2,4,4,10,,K29 11,-68.24766618,44.14514636
H09,3,6/25/2022,EG/LS/JM,0,0,0,0,,H09 3,-68.24917507,44.1543396
D06,23,8/16/2022,EG/LS,0,0,0,0,,D06 23,-68.25166341,44.15534629
O31,24,6/18/2022,EG/LS,0,0,0,0,,O31 24,-68.24480442,44.14404709
E21,8,7/9/2022,EG/LS/JM,0,0,0,0,,E21 8,-68.25112016,44.14886039
N05,8,7/21/2022,EG/LS,4,0,3,7,2 deaths,N05 8,-68.245402,44.15602536
J23,8,6/23/2022,EG/LS/JM,0,0,0,0,,J23 8,-68.24800582,44.1479396
K06,6,7/12/2022,EG/LS,0,0,0,0,,K06 6,-68.2475335,44.15558925
D07,10,8/16/2022,EG/LS,0,0,0,0,,D07 10,-68.25141559,44.1551646
G08,5,6/17/2022,LS,0,0,0,0,,G08 5,-68.24954449,44.15479219
D18,8,7/30/2022,EG/LS,0,0,0,0,,D18 8,-68.25172825,44.15021486
L26,6,6/22/2022,EG/LS,0,0,0,0,,L26 6,-68.24702275,44.14658264
H32,5,8/13/2022,EG/LS,0,0,0,0,,H32 5,-68.24905627,44.14398508
O32,1,8/11/2022,EG/LS,0,0,0,0,,O32 1,-68.24518063,44.14395954
M28,6,8/20/2022,EG/LS/HA,0,0,1,1,,M28 6,-68.24640908,44.14567827
L21,16,6/12/2022,LS,2,0,1,3,,L21 16,-68.24699643,44.14865322
I25,3,7/10/2022,EG/LS,0,0,0,0,,I25 3,-68.24864124,44.14713349
J13,21,7/25/2022,EG/LS/JM,1,2,0,3,,J13 21,-68.24807713,44.1521716
L34,18,8/13/2022,EG/LS,0,0,0,0,,L34 18,-68.24682078,44.14279994
H10,24,7/5/2022,EG/LS,0,0,0,0,,H10 24,-68.2490603,44.15352855
J26,16,6/29/2022,EG/LS/JM,0,0,0,0,,J26 16,-68.2482753,44.14641082
K08,7,6/25/2022,EG/LS/JM,0,0,1,1,,K08 7,-68.2474199,44.15468818
M34,16,8/11/2022,EG/LS,2,0,0,2,,M34 16,-68.24644572,44.14279747
I02,3,8/15/2022,EG/LS,0,0,0,0,,I02 3,-68.24850987,44.15748636
H21,23,6/28/2022,EG/LS,0,0,0,0,,H21 23,-68.24924812,44.148578
N25,12,8/19/2022,EG/LS/HA,3,0,2,5,,N25 12,-68.24564288,44.14693367
M33,8,8/11/2022,EG/LS,0,0,0,0,,M33 8,-68.24618767,44.14342599
I14,6,7/28/2022,EG/LS/AP,0,2,1,3,1 death,I14 6,-68.24882964,44.15199649
I13,15,7/28/2022,EG/LS/AP,0,0,1,1,,I13 15,-68.24832492,44.1523533
K02,21,8/15/2022,EG/LS,0,1,0,1,,K02 21,-68.24751405,44.15711968
E06,16,6/17/2022,EG/LS,0,0,0,0,,E06 16,-68.25128713,44.15543385
M34,9,8/11/2022,EG/LS,2,0,0,2,incl. foundation,M34 9,-68.24606838,44.14297504
P30,21,8/12/2022,EG/LS,0,0,0,0,,P30 21,-68.24454864,44.14449556
E16,21,7/30/2022,EG/LS,0,0,0,0,,E16 21,-68.25134518,44.15084258
K30,1,6/16/2022,LS,5,2,4,11,,K30 1,-68.24766961,44.14487628
H09,5,6/25/2022,EG/LS/JM,0,0,0,0,,H09 5,-68.24892499,44.15433796
L31,15,6/12/2022,EG,0,1,0,1,,L31 15,-68.24655128,44.14432872
E06,23,6/17/2022,EG/LS,0,0,0,0,,E06 23,-68.25103818,44.15534219
C06,20,8/16/2022,EG/LS,0,0,0,0,,C06 20,-68.25203673,44.15543824
K03,16,7/24/2022,EG/LS/WH,6,3,4,13,2 deaths,K03 16,-68.24751863,44.15675958
M28,23,8/20/2022,EG/LS/HA,3,0,0,3,,M28 23,-68.24616246,44.14540654
H02,4,8/15/2022,EG/LS,0,0,0,0,,H02 4,-68.24901007,44.15748965
G16,25,6/24/2022,EG/LS/AP,0,0,0,0,1 pair wings,G16 25,-68.24959469,44.15083109
N22,7,6/26/2022,EG/LS,5,1,3,9,1 wing,N22 7,-68.24562453,44.14837407
G10,22,7/5/2022,EG/LS,0,0,0,0,,G10 22,-68.24993559,44.15353431
J28,18,6/29/2022,EG/LS,0,0,0,0,,J28 18,-68.24803667,44.14550893
I25,4,7/10/2022,EG/LS,1,1,0,2,,I25 4,-68.24851621,44.14713267
N33,21,8/11/2022,EG/LS,0,0,0,0,,N33 21,-68.24581605,44.14315344
N25,23,8/19/2022,EG/LS/HA,5,2,2,9,,N25 23,-68.24552015,44.14675279
M28,14,8/20/2022,EG/LS/HA,3,0,0,3,,M28 14,-68.24603515,44.14558577
I09,7,6/25/2022,EG/LS/JM,0,0,0,0,,I09 7,-68.24867604,44.15424629
M05,3,8/18/2022,EG/LS/HA,8,0,4,12,,M05 3,-68.24602609,44.15611951
N35,5,8/11/2022,EG/LS,0,0,0,0,,N35 5,-68.24532286,44.14260999
I10,8,7/5/2022,EG/LS,0,0,0,0,,I10 8,-68.24855671,44.15379534
I26,2,7/10/2022,EG/LS,5,4,1,10,,I26 2,-68.24877197,44.14668419
H29,16,7/16/2022,EG/LS,0,0,0,0,,H29 16,-68.24954266,44.14506867
K27,5,6/22/2022,EG,3,1,0,4,,K27 5,-68.24715235,44.14622336
J07,17,6/25/2022,EG/LS,6,1,1,8,,J07 17,-68.24804169,44.15496237
I05,9,7/13/2022,EG/LS,0,0,0,0,,I05 9,-68.24840311,44.15604514
D08,11,8/16/2022,EG/LS,0,0,0,0,,D08 11,-68.25192259,44.15462772
K31,19,6/16/2022,EG,0,1,0,1,,K31 19,-68.24730369,44.14415361
N25,9,8/19/2022,EG/LS/HA,4,1,4,9,,N25 9,-68.24539168,44.14702204
N27,6,6/18/2022,EG/LS,6,3,4,13,,N27 6,-68.24577822,44.14612427
J30,8,6/29/2022,EG/LS,0,0,0,0,,J30 8,-68.24804582,44.14478873
I29,16,7/16/2022,EG/LS,0,0,0,0,,I29 16,-68.24891755,44.14506456
H26,5,7/10/2022,EG/LS,0,0,0,0,,H26 5,-68.24902203,44.14668583
L25,14,6/22/2022,EG/LS,1,1,0,2,,L25 14,-68.24664309,44.14694027
N25,7,8/19/2022,EG/LS/HA,1,0,0,1,,N25 7,-68.24564173,44.14702369
M06,5,7/21/2022,EG/LS,2,2,1,5,2 deaths,M06 5,-68.24578173,44.15566773
J25,20,6/29/2022,EG/LS/JM,4,0,0,4,2 pairs wings,J25 20,-68.24776948,44.14685766
P28,17,7/13/2022,EG/LS/JM,0,0,0,0,,P28 17,-68.24446243,44.1454995
L03,23,7/24/2022,EG/LS/WH,7,1,5,13,2 deaths,L03 23,-68.24664444,44.15666378
J05,23,7/13/2022,EG/LS,0,1,1,2,,J05 23,-68.24790635,44.15577177
I04,16,7/24/2022,EG/LS/WH,0,0,0,0,,I04 16,-68.24877482,44.15631768
N01,11,7/22/2022,EG/LS,0,0,0,0,,N01 11,-68.2456303,44.15773748
E05,19,7/13/2022,EG/LS/JM,0,0,0,0,,E05 19,-68.2509063,44.15588152
K07,7,6/25/2022,EG/LS,0,0,1,1,,K07 7,-68.24741418,44.15513831
M28,16,8/20/2022,EG/LS/HA,2,0,0,2,,M28 16,-68.24641137,44.14549822
H28,10,7/16/2022,EG/LS,0,0,0,0,,H28 10,-68.24903458,44.14569556
I33,20,8/13/2022,EG/LS,0,0,0,0,,I33 20,-68.2484403,44.14326077
D09,12,8/16/2022,EG/LS,0,0,0,0,,D09 12,-68.25180324,44.15417678
M28,22,8/20/2022,EG/LS/HA,2,2,0,4,,M28 22,-68.24628749,44.14540737
O04,16,7/22/2022,EG/LS,5,0,2,7,2 deaths,O04 16,-68.24502342,44.15629295
I20,16,6/28/2022,EG/LS,0,0,0,0,1 wing,I20 16,-68.24886618,44.14911569
F15,24,7/28/2022,EG/LS/AP,0,0,0,0,,F15 24,-68.2503392,44.15128614
H06,19,7/12/2022,EG/LS,0,0,0,0,,H06 19,-68.24903633,44.15541908
G07,21,6/17/2022,EG,0,0,0,0,,G07 21,-68.25004353,44.1548855
N25,1,8/19/2022,EG/LS/HA,4,1,2,7,,N25 1,-68.24576561,44.14711454
J04,20,7/24/2022,EG/LS/WH,4,0,1,5,,J04 20,-68.2476494,44.15631028
L23,18,6/23/2022,EG,1,1,0,2,,L23 18,-68.24675782,44.14775132
C18,20,7/30/2022,EG/LS,0,3,0,3,"1 death, otter scat",C18 20,-68.25209494,44.15004024
L20,13,7/7/2022,EG/LS/JM,3,3,3,9,1 wing,L20 13,-68.2467395,44.14919172
M07,19,7/21/2022,EG/LS,0,0,0,0,1 wing,M07 19,-68.24591594,44.15494836
M20,12,6/24/2022,EG/LS/AP,0,1,1,2,,M20 12,-68.24623937,44.14918842
L05,2,7/13/2022,EG/LS,2,1,2,5,1 wing,L05 2,-68.24677636,44.15612446
M05,20,8/18/2022,EG/LS/HA,1,2,0,3,,M05 20,-68.24577943,44.15584778
J16,15,6/24/2022,EG/LS/AP,1,0,0,1,,J16 15,-68.24771688,44.15099881
P32,19,8/12/2022,EG/LS,0,0,0,0,,P32 19,-68.24418392,44.14368285
I15,17,7/28/2022,EG/LS/AP,0,0,2,2,,I15 17,-68.24871259,44.15136549
O24,22,7/8/2022,EG/LS,0,0,0,0,,O24 22,-68.24501649,44.14719807
F16,4,7/9/2022,EG/LS/JM,0,0,0,0,,F16 4,-68.25034034,44.15119612
E08,23,6/17/2022,EG/LS,0,0,0,0,,E08 23,-68.25104957,44.15444194
H30,25,8/13/2022,EG/LS,0,0,0,0,,H30 25,-68.24904942,44.14452523
G05,16,7/13/2022,EG/LS,0,0,0,0,,G05 16,-68.25003098,44.15587577
I07,20,6/25/2022,EG/LS,0,0,0,0,,I07 20,-68.24829177,44.15496402
G06,2,6/17/2022,LS,0,0,0,0,,G06 2,-68.24990822,44.1556949
M05,13,8/18/2022,EG/LS/HA,0,1,0,1,,M05 13,-68.24602838,44.15593946
N21,11,7/4/2022,EG/LS,16,0,7,23,,N21 11,-68.24574498,44.14873499
J22,19,6/12/2022,EG,0,0,0,0,,J22 19,-68.24787736,44.14820886
N25,20,8/19/2022,EG/LS/HA,15,6,3,24,,N25 20,-68.24526895,44.14684117
I24,23,7/10/2022,EG/LS,0,0,0,0,,I24 23,-68.2486401,44.14722352
N26,9,6/22/2022,EG,11,2,4,17,,N26 9,-68.24539741,44.14657192
J09,9,6/25/2022,EG/LS/JM,12,7,5,24,,J09 9,-68.24780075,44.15424053
K13,6,7/25/2022,EG/LS/JM,0,0,0,0,,K13 6,-68.24758901,44.15244232
B07,20,8/16/2022,EG/LS,0,0,0,0,,B07 20,-68.25266831,44.15499273
M32,24,8/11/2022,EG/LS,3,0,5,8,,M32 24,-68.24606036,44.14360522
K03,14,7/24/2022,EG/LS/WH,6,3,4,13,,K03 14,-68.24714234,44.15684713
F09,14,6/17/2022,EG,0,0,0,0,,F09 14,-68.25030273,44.15416694
F18,2,7/9/2022,EG/LS,0,0,0,0,1 death,F18 2,-68.25060181,44.15029751
P31,18,8/12/2022,EG/LS,0,0,0,0,,P31 18,-68.24430319,44.1441338
K26,16,6/22/2022,EG,0,0,2,2,,K26 16,-68.24765017,44.14640671
K25,7,6/22/2022,EG/LS,0,1,0,1,,K25 7,-68.24751714,44.14703606
L35,7,8/13/2022,EG/LS,0,0,0,0,,L35 7,-68.24694923,44.14253069
L24,7,6/23/2022,EG/JM,3,3,4,10,,L24 7,-68.24688628,44.14748207
K34,6,8/13/2022,EG/LS,0,0,0,0,,K34 6,-68.24769362,44.14298576
M28,7,8/20/2022,EG/LS/HA,2,0,0,2,,M28 7,-68.24628405,44.14567744
I09,18,6/25/2022,EG/LS/JM,0,0,0,0,,I09 18,-68.24855329,44.15406542
L02,9,8/15/2022,EG/LS,1,1,6,8,,L02 9,-68.24651023,44.15738316
O34,24,8/11/2022,EG/LS,2,0,2,4,,O34 24,-68.24482164,44.14269671
J08,19,6/25/2022,EG/LS/JM,0,0,0,0,,J08 19,-68.24779732,44.1545106
F04,19,8/15/2022,EG/LS,0,0,0,0,,F04 19,-68.25027538,44.15632754
I23,2,7/10/2022,EG/LS,0,0,0,0,,I23 2,-68.24875485,44.14803456
I31,7,8/13/2022,EG/LS,0,0,0,0,,I31 7,-68.24880166,44.14434354
D18,5,7/30/2022,EG/LS,0,0,0,0,,D18 5,-68.25147704,44.15030325
G09,22,6/17/2022,EG,0,0,0,0,,G09 22,-68.24992989,44.15398443
N25,6,6/22/2022,EG/LS,11,7,5,23,,N25 6,-68.24576676,44.14702452
K20,15,7/8/2022,EG/LS,0,0,0,0,,K20 15,-68.24711459,44.14919419
H02,11,8/15/2022,EG/LS,0,0,0,0,,H02 11,-68.2493875,44.15731207
G06,6,6/17/2022,EG,0,0,0,0,,G06 6,-68.25003441,44.1556057
E10,10,7/5/2022,EG/LS,0,0,0,0,,E10 10,-68.25080746,44.15381012
J23,9,6/23/2022,EG/LS/JM,0,1,0,1,,J23 9,-68.24788079,44.14793878
N25,19,8/19/2022,EG/LS/HA,6,1,4,11,,N25 19,-68.24539397,44.14684199
J18,17,7/8/2022,EG/LS,0,1,0,1,,J18 17,-68.24810456,44.150011
J15,5,7/25/2022,EG/LS/JM,0,0,0,0,,J15 5,-68.24770887,44.15162898
N25,14,8/19/2022,EG/LS/HA,4,0,1,5,,N25 14,-68.24539283,44.14693202
F10,3,7/5/2022,EG/LS,0,0,0,0,1 SPSA nest,F10 3,-68.25043119,44.15389769
H21,19,6/28/2022,EG/LS,0,0,0,0,,H21 19,-68.24912194,44.14866721
J12,11,7/25/2022,EG/LS/JM,0,0,0,0,,J12 11,-68.24819416,44.1528026
L29,23,6/16/2022,EG,0,0,0,0,,L29 23,-68.24679331,44.14496054
O04,22,7/22/2022,EG/LS,6,0,4,10,,O04 22,-68.24489952,44.1562021
L16,16,7/8/2022,EG/LS,8,3,4,15,,L16 16,-68.24696781,44.15090384
E20,1,7/9/2022,EG/LS/JM,0,0,2,2,,E20 1,-68.25136339,44.14940218
L04,13,7/24/2022,EG/LS/WH,0,0,0,0,,L04 13,-68.24664788,44.15639371
H14,17,7/28/2022,EG/LS/AP,0,2,2,4,,H14 17,-68.24933207,44.15181972
L22,15,6/23/2022,EG/LS,2,2,1,5,,L22 15,-68.24650089,44.14828982
K09,18,6/25/2022,EG/LS/JM,0,0,0,0,,K09 18,-68.24730287,44.15405718
J21,5,6/12/2022,EG,2,2,1,5,,J21 5,-68.24774318,44.14892823
L17,23,7/4/2022,EG/LS,0,0,0,0,,L17 23,-68.24672461,44.15036204
M02,6,8/15/2022,EG/LS,10,5,3,18,,M02 6,-68.24626013,44.15738151
G04,15,8/15/2022,EG/LS,0,0,0,0,,G04 15,-68.24952396,44.15641264
C07,11,8/16/2022,EG/LS,0,0,0,0,,C07 11,-68.25254099,44.15517197
L24,22,6/23/2022,LS,0,1,1,2,,L24 22,-68.24688971,44.14721199
F17,23,7/9/2022,EG/LS,0,0,0,0,burrows nearby,F17 23,-68.25047563,44.15038671
G03,22,8/15/2022,EG/LS,0,0,0,0,,G03 22,-68.24989567,44.15668518
I18,18,6/28/2022,EG/LS,0,1,0,1,,I18 18,-68.24860469,44.15001429
L05,18,7/13/2022,EG/LS,0,1,0,1,,L05 18,-68.24665475,44.15585356
G20,13,6/28/2022,EG/LS,0,1,0,1,2 pairs wings  ,G20 13,-68.24986529,44.14921228
F05,18,7/13/2022,EG/LS,0,0,0,0,,F05 18,-68.25040612,44.15587824
N25,4,8/19/2022,EG/LS/HA,11,2,3,16,,N25 4,-68.24539053,44.14711207
M26,25,6/22/2022,EG/LS,6,2,3,11,,M26 25,-68.24590096,44.14630514
H23,15,7/10/2022,EG/LS,0,0,0,0,,H23 15,-68.24900719,44.14785616
I03,11,7/24/2022,EG/LS/WH,0,0,0,0,,I03 11,-68.24876796,44.15685783
K04,15,7/24/2022,EG/LS/WH,6,0,2,8,1 death,K04 15,-68.24702302,44.15639618
G18,11,6/28/2022,EG/LS,0,1,0,1,,G18 11,-68.25010395,44.15011418
M23,11,6/23/2022,LS,3,1,3,7,1 pair wings,M23 11,-68.24638159,44.14783887
K16,15,6/24/2022,EG/LS/AP,2,0,2,4,1 pair wings,K16 15,-68.2470917,44.15099469
D10,25,8/16/2022,EG/LS,0,0,0,0,,D10 25,-68.25143608,44.15354415
M05,21,8/18/2022,EG/LS/HA,3,2,0,5,,M05 21,-68.24628076,44.15576106
D10,10,8/16/2022,EG/LS,0,0,0,0,,D10 10,-68.25143266,44.15381422
D20,20,7/9/2022,EG/LS/JM,0,0,0,0,,D20 20,-68.25149184,44.14913292
M28,9,8/20/2022,EG/LS/HA,4,0,3,7,,M28 9,-68.246034,44.14567579
J16,13,6/24/2022,EG/LS/AP,0,0,0,0,4 pairs wings. 28 wings in general vicinity (5 minutes walking around plot),J16 13,-68.24796695,44.15100045
J29,20,6/29/2022,EG/LS,0,0,0,0,,J29 20,-68.24779234,44.14505716
G22,9,7/10/2022,EG/LS,0,0,0,0,,G22 9,-68.24975052,44.14840124
K33,21,6/11/2022,LS,0,0,0,0,2 HERG nests,K33 21,-68.24769133,44.14316581
L28,22,6/16/2022,EG/LS,0,2,3,5,,L28 22,-68.24691261,44.14541149
I33,24,8/13/2022,EG/LS,0,0,0,0,,I33 24,-68.24856646,44.14317157
M07,8,7/21/2022,EG/LS,0,0,1,1,,M07 8,-68.2460387,44.15512924
F19,15,7/9/2022,EG/LS,0,0,0,0,,F19 15,-68.25023468,44.14966487
J25,22,6/29/2022,EG/LS/JM,1,1,4,6,,J25 22,-68.2481457,44.1467701
N34,6,8/11/2022,EG/LS,0,1,0,1,,N34 6,-68.24581834,44.14297339
D17,11,7/30/2022,EG/LS,0,0,0,0,,D17 11,-68.25197377,44.1505766
L34,2,8/13/2022,EG/LS,0,0,0,0,,L34 2,-68.24694236,44.14307084
M28,13,8/20/2022,EG/LS/HA,1,0,0,1,,M28 13,-68.24616017,44.14558659
J17,4,6/24/2022,EG/LS/AP,0,2,0,2,1 pair wings,J17 4,-68.24784534,44.15072956
N06,22,7/21/2022,EG/LS,2,0,2,4,,N06 22,-68.24553623,44.15530598
F06,22,6/17/2022,EG/LS,3,1,0,4,,F06 22,-68.250538,44.15533891
,,,,,,,,,L33 15,-68.24656387,44.14333844
